Pattern Name,Imbalanced Ratio,Time Window,Abnormality Value,mixed_CS=T,mixed_CS=F,convn_CS=T,convn_CS=F,Detection Rates Metrics
systematic,0.5,80,0.155,0.0,0.0,0.0,0.0033333333333333335,Undetected Samples Percentage
systematic,0.5,80,0.155,0.008264462809917354,0.008264462809917354,0.008264462809917354,0.008236914600550965,Mean True Alert Streaks from Initial Detection
systematic,0.5,80,0.155,0.36330578512396694,0.37239669421487603,0.313168044077135,0.3077410468319559,True Alert Rate
