Pattern Name,Imbalanced Ratio,Time Window,Abnormality Value,mixed_CS=T,mixed_CS=F,convn_CS=T,convn_CS=F,Detection Rates Metrics
systematic,0.5,80,0.305,0.0,0.0,0.013333333333333334,0.01,Undetected Samples Percentage
systematic,0.5,80,0.305,0.008264462809917354,0.008264462809917354,0.00815426997245179,0.008181818181818182,Mean True Alert Streaks from Initial Detection
systematic,0.5,80,0.305,0.376198347107438,0.3864738292011019,0.31101928374655646,0.3190358126721763,True Alert Rate
