Pattern Name,Imbalanced Ratio,Time Window,Abnormality Value,mixed_CS=T,mixed_CS=F,convn_CS=T,convn_CS=F,Detection Rates Metrics
systematic,0.75,80,0.38,0.0,0.0033333333333333335,0.0,0.01,Undetected Samples Percentage
systematic,0.75,80,0.38,0.008264462809917354,0.008236914600550965,0.008264462809917354,0.008181818181818182,Mean True Alert Streaks from Initial Detection
systematic,0.75,80,0.38,0.4021487603305785,0.3731955922865014,0.3355922865013774,0.2782093663911846,True Alert Rate
