Pattern Name,Imbalanced Ratio,Time Window,Abnormality Value,mixed_CS=T,mixed_CS=F,convn_CS=T,convn_CS=F,Detection Rates Metrics
systematic,0.75,80,1.205,0.0,0.0,0.0,0.0,Undetected Samples Percentage
systematic,0.75,80,1.205,0.008264462809917354,0.008264462809917354,0.008264462809917354,0.008264462809917354,Mean True Alert Streaks from Initial Detection
systematic,0.75,80,1.205,0.47115702479338845,0.46482093663911844,0.34820936639118455,0.2938292011019284,True Alert Rate
