Pattern Name,Imbalanced Ratio,Time Window,Abnormality Value,mixed_CS=T,mixed_CS=F,convn_CS=T,convn_CS=F,Detection Rates Metrics
systematic,0.75,50,0.305,0.0,0.0,0.0,0.006666666666666667,Undetected Samples Percentage
systematic,0.75,50,0.305,0.008347107438016529,0.008264462809917354,0.008264462809917354,0.008209366391184574,Mean True Alert Streaks from Initial Detection
systematic,0.75,50,0.305,0.425702479338843,0.3094765840220386,0.3492561983471074,0.28539944903581266,True Alert Rate
