Pattern Name,Imbalanced Ratio,Time Window,Abnormality Value,mixed_CS=T,mixed_CS=F,convn_CS=T,convn_CS=F,Detection Rates Metrics
systematic,0.75,30,1.355,0.0,0.0,0.0,0.0,Undetected Samples Percentage
systematic,0.75,30,1.355,0.008264462809917354,0.008264462809917354,0.008264462809917354,0.008264462809917354,Mean True Alert Streaks from Initial Detection
systematic,0.75,30,1.355,0.5127548209366392,0.48228650137741047,0.43636363636363634,0.44079889807162537,True Alert Rate
