Pattern Name,Imbalanced Ratio,Time Window,Abnormality Value,mixed_CS=T,mixed_CS=F,convn_CS=T,convn_CS=F,Detection Rates Metrics
systematic,0.75,80,0.605,0.0,0.0,0.0,0.0,Undetected Samples Percentage
systematic,0.75,80,0.605,0.008264462809917354,0.008264462809917354,0.008264462809917354,0.008264462809917354,Mean True Alert Streaks from Initial Detection
systematic,0.75,80,0.605,0.44669421487603306,0.43300275482093664,0.3527823691460055,0.32983471074380166,True Alert Rate
