Pattern Name,Imbalanced Ratio,Time Window,Abnormality Value,mixed_CS=T,mixed_CS=F,convn_CS=T,convn_CS=F,Detection Rates Metrics
systematic,0.75,30,0.155,0.0,0.0,0.0,0.0,Undetected Samples Percentage
systematic,0.75,30,0.155,0.008567493112947657,0.009366391184573003,0.008980716253443526,0.008264462809917354,Mean True Alert Streaks from Initial Detection
systematic,0.75,30,0.155,0.4300826446280992,0.17581267217630853,0.37920110192837464,0.20363636363636364,True Alert Rate
