Pattern Name,Imbalanced Ratio,Time Window,Abnormality Value,mixed_CS=T,mixed_CS=F,convn_CS=T,convn_CS=F,Detection Rates Metrics
systematic,0.75,30,0.23,0.0,0.0,0.0,0.0033333333333333335,Undetected Samples Percentage
systematic,0.75,30,0.23,0.008347107438016529,0.008347107438016529,0.008292011019283747,0.008236914600550965,Mean True Alert Streaks from Initial Detection
systematic,0.75,30,0.23,0.38484848484848483,0.1933884297520661,0.35710743801652894,0.24953168044077134,True Alert Rate
