Pattern Name,Imbalanced Ratio,Time Window,Abnormality Value,mixed_CS=T,mixed_CS=F,convn_CS=T,convn_CS=F,Detection Rates Metrics
systematic,0.95,50,0.155,0.0,0.043333333333333335,0.0,0.11666666666666667,Undetected Samples Percentage
systematic,0.95,50,0.155,0.010055096418732782,0.008099173553719008,0.010798898071625344,0.007382920110192837,Mean True Alert Streaks from Initial Detection
systematic,0.95,50,0.155,0.28253443526170796,0.03090909090909091,0.3811845730027548,0.034490358126721764,True Alert Rate
