Pattern Name,Imbalanced Ratio,Time Window,Abnormality Value,mixed_CS=T,mixed_CS=F,convn_CS=T,convn_CS=F,Detection Rates Metrics
systematic,0.95,80,0.155,0.0,0.51,0.0,0.44666666666666666,Undetected Samples Percentage
systematic,0.95,80,0.155,0.008760330578512396,0.004049586776859505,0.008292011019283747,0.004573002754820936,Mean True Alert Streaks from Initial Detection
systematic,0.95,80,0.155,0.37352617079889805,0.011349862258953168,0.34195592286501375,0.042369146005509645,True Alert Rate
