Pattern Name,Imbalanced Ratio,Time Window,Abnormality Value,mixed_CS=T,mixed_CS=F,convn_CS=T,convn_CS=F,Detection Rates Metrics
systematic,0.95,50,0.605,0.0,0.0,0.0,0.0,Undetected Samples Percentage
systematic,0.95,50,0.605,0.008264462809917354,0.008264462809917354,0.008347107438016529,0.008264462809917354,Mean True Alert Streaks from Initial Detection
systematic,0.95,50,0.605,0.45542699724517904,0.40118457300275484,0.3765840220385675,0.34859504132231406,True Alert Rate
