Pattern Name,Imbalanced Ratio,Time Window,Abnormality Value,mixed_CS=T,mixed_CS=F,convn_CS=T,convn_CS=F,Detection Rates Metrics
systematic,0.95,50,0.53,0.0,0.0,0.0,0.0033333333333333335,Undetected Samples Percentage
systematic,0.95,50,0.53,0.008264462809917354,0.008264462809917354,0.008264462809917354,0.008236914600550965,Mean True Alert Streaks from Initial Detection
systematic,0.95,50,0.53,0.45432506887052343,0.37636363636363634,0.37272727272727274,0.28360881542699723,True Alert Rate
