Pattern Name,Imbalanced Ratio,Time Window,Abnormality Value,mixed_CS=T,mixed_CS=F,convn_CS=T,convn_CS=F,Detection Rates Metrics
systematic,0.95,30,0.455,0.0,0.0,0.0,0.0,Undetected Samples Percentage
systematic,0.95,30,0.455,0.008292011019283747,0.008264462809917354,0.008264462809917354,0.008264462809917354,Mean True Alert Streaks from Initial Detection
systematic,0.95,30,0.455,0.4393939393939394,0.21294765840220387,0.36955922865013774,0.24228650137741048,True Alert Rate
