Pattern Name,Imbalanced Ratio,Time Window,Abnormality Value,mixed_CS=T,mixed_CS=F,convn_CS=T,convn_CS=F,Detection Rates Metrics
systematic,0.95,80,0.455,0.0,0.0,0.0,0.013333333333333334,Undetected Samples Percentage
systematic,0.95,80,0.455,0.008264462809917354,0.008264462809917354,0.008264462809917354,0.00815426997245179,Mean True Alert Streaks from Initial Detection
systematic,0.95,80,0.455,0.4263636363636364,0.3540220385674931,0.3265840220385675,0.2444077134986226,True Alert Rate
