Pattern Name,Imbalanced Ratio,Time Window,Abnormality Value,mixed_CS=T,mixed_CS=F,convn_CS=T,convn_CS=F,Detection Rates Metrics
systematic,0.95,50,0.38,0.0,0.0033333333333333335,0.0,0.016666666666666666,Undetected Samples Percentage
systematic,0.95,50,0.38,0.008539944903581266,0.008236914600550965,0.008264462809917354,0.0081267217630854,Mean True Alert Streaks from Initial Detection
systematic,0.95,50,0.38,0.41798898071625346,0.2081267217630854,0.3861707988980716,0.22515151515151516,True Alert Rate
