Pattern Name,Imbalanced Ratio,Time Window,Abnormality Value,mixed_CS=T,mixed_CS=F,convn_CS=T,convn_CS=F,Detection Rates Metrics
systematic,0.95,50,0.305,0.0,0.01,0.0,0.006666666666666667,Undetected Samples Percentage
systematic,0.95,50,0.305,0.008622589531680441,0.008181818181818182,0.008264462809917354,0.008209366391184574,Mean True Alert Streaks from Initial Detection
systematic,0.95,50,0.305,0.3871074380165289,0.14195592286501377,0.38242424242424244,0.22958677685950413,True Alert Rate
