Pattern Name,Imbalanced Ratio,Time Window,Abnormality Value,mixed_CS=T,mixed_CS=F,convn_CS=T,convn_CS=F,Detection Rates Metrics
systematic,0.95,80,0.53,0.0,0.0,0.0,0.0033333333333333335,Undetected Samples Percentage
systematic,0.95,80,0.53,0.008264462809917354,0.008264462809917354,0.008264462809917354,0.008236914600550965,Mean True Alert Streaks from Initial Detection
systematic,0.95,80,0.53,0.41647382920110193,0.36933884297520664,0.31732782369146006,0.27487603305785124,True Alert Rate
