Pattern Name,Imbalanced Ratio,Time Window,Abnormality Value,mixed_CS=T,mixed_CS=F,convn_CS=T,convn_CS=F,Detection Rates Metrics
systematic,0.9,50,0.005,0.0,0.0033333333333333335,0.0,0.0,Undetected Samples Percentage
systematic,0.9,50,0.005,0.03272727272727273,0.01181818181818182,0.021845730027548214,0.009807162534435261,Mean True Alert Streaks from Initial Detection
systematic,0.9,50,0.005,0.41134986225895315,0.07446280991735538,0.43983471074380165,0.05614325068870524,True Alert Rate
