Pattern Name,Imbalanced Ratio,Time Window,Abnormality Value,mixed_CS=T,mixed_CS=F,convn_CS=T,convn_CS=F,Detection Rates Metrics
systematic,0.9,50,0.305,0.0,0.0,0.0,0.013333333333333334,Undetected Samples Percentage
systematic,0.9,50,0.305,0.008292011019283747,0.008264462809917354,0.008264462809917354,0.00815426997245179,Mean True Alert Streaks from Initial Detection
systematic,0.9,50,0.305,0.4212947658402204,0.12024793388429753,0.3571349862258953,0.2268595041322314,True Alert Rate
