Pattern Name,Imbalanced Ratio,Time Window,Abnormality Value,mixed_CS=T,mixed_CS=F,convn_CS=T,convn_CS=F,Detection Rates Metrics
systematic,0.9,50,0.155,0.0,0.03666666666666667,0.0,0.01,Undetected Samples Percentage
systematic,0.9,50,0.155,0.009173553719008265,0.008402203856749313,0.008484848484848484,0.008209366391184574,Mean True Alert Streaks from Initial Detection
systematic,0.9,50,0.155,0.30732782369146006,0.036887052341597795,0.32151515151515153,0.07476584022038567,True Alert Rate
