Pattern Name,Imbalanced Ratio,Time Window,Abnormality Value,mixed_CS=T,mixed_CS=F,convn_CS=T,convn_CS=F,Detection Rates Metrics
systematic,0.9,80,0.38,0.0,0.0,0.0,0.016666666666666666,Undetected Samples Percentage
systematic,0.9,80,0.38,0.008264462809917354,0.008264462809917354,0.008264462809917354,0.0081267217630854,Mean True Alert Streaks from Initial Detection
systematic,0.9,80,0.38,0.41573002754820937,0.3279338842975207,0.36325068870523414,0.27944903581267216,True Alert Rate
