Pattern Name,Imbalanced Ratio,Time Window,Abnormality Value,mixed_CS=T,mixed_CS=F,convn_CS=T,convn_CS=F,Detection Rates Metrics
systematic,0.9,30,0.305,0.0,0.01,0.0,0.0033333333333333335,Undetected Samples Percentage
systematic,0.9,30,0.305,0.00931129476584022,0.008181818181818182,0.008264462809917354,0.008236914600550965,Mean True Alert Streaks from Initial Detection
systematic,0.9,30,0.305,0.37352617079889805,0.11652892561983472,0.32807162534435264,0.18798898071625345,True Alert Rate
