Pattern Name,Imbalanced Ratio,Time Window,Abnormality Value,mixed_CS=T,mixed_CS=F,convn_CS=T,convn_CS=F,Detection Rates Metrics
systematic,0.9,30,0.38,0.0,0.006666666666666667,0.0,0.0,Undetected Samples Percentage
systematic,0.9,30,0.38,0.008319559228650138,0.008209366391184574,0.008292011019283747,0.008264462809917354,Mean True Alert Streaks from Initial Detection
systematic,0.9,30,0.38,0.43727272727272726,0.2358953168044077,0.41853994490358126,0.2718181818181818,True Alert Rate
