Pattern Name,Imbalanced Ratio,Time Window,Abnormality Value,mixed_CS=T,mixed_CS=F,convn_CS=T,convn_CS=F,Detection Rates Metrics
stratification,0.5,50,1.28,0.0,0.0,0.016666666666666666,0.043333333333333335,Undetected Samples Percentage
stratification,0.5,50,1.28,0.04195592286501378,0.08336088154269973,0.014820936639118458,0.013553719008264463,Mean True Alert Streaks from Initial Detection
stratification,0.5,50,1.28,0.6102203856749311,0.6412947658402204,0.04490358126721763,0.03650137741046832,True Alert Rate
