Pattern Name,Imbalanced Ratio,Time Window,Abnormality Value,mixed_CS=T,mixed_CS=F,convn_CS=T,convn_CS=F,Detection Rates Metrics
stratification,0.5,80,1.805,0.0,0.0,0.0,0.0033333333333333335,Undetected Samples Percentage
stratification,0.5,80,1.805,0.21823691460055092,0.2062258953168044,0.013195592286501375,0.013030303030303031,Mean True Alert Streaks from Initial Detection
stratification,0.5,80,1.805,0.9107713498622589,0.9095041322314049,0.04550964187327824,0.05192837465564738,True Alert Rate
