Pattern Name,Imbalanced Ratio,Time Window,Abnormality Value,mixed_CS=T,mixed_CS=F,convn_CS=T,convn_CS=F,Detection Rates Metrics
stratification,0.5,80,1.43,0.0,0.0,0.23666666666666666,0.25333333333333335,Undetected Samples Percentage
stratification,0.5,80,1.43,0.10157024793388428,0.1440495867768595,0.012176308539944905,0.011212121212121213,Mean True Alert Streaks from Initial Detection
stratification,0.5,80,1.43,0.8392286501377411,0.9002479338842975,0.025702479338842975,0.03212121212121212,True Alert Rate
