Pattern Name,Imbalanced Ratio,Time Window,Abnormality Value,mixed_CS=T,mixed_CS=F,convn_CS=T,convn_CS=F,Detection Rates Metrics
stratification,0.5,80,1.28,0.0,0.0,0.04,0.023333333333333334,Undetected Samples Percentage
stratification,0.5,80,1.28,0.038539944903581265,0.021763085399449034,0.008347107438016529,0.008181818181818182,Mean True Alert Streaks from Initial Detection
stratification,0.5,80,1.28,0.822534435261708,0.742258953168044,0.028567493112947658,0.028539944903581266,True Alert Rate
