Pattern Name,Imbalanced Ratio,Time Window,Abnormality Value,mixed_CS=T,mixed_CS=F,convn_CS=T,convn_CS=F,Detection Rates Metrics
stratification,0.5,50,1.58,0.0,0.0,0.05333333333333334,0.07666666666666666,Undetected Samples Percentage
stratification,0.5,50,1.58,0.015371900826446282,0.016143250688705237,0.0218732782369146,0.017052341597796145,Mean True Alert Streaks from Initial Detection
stratification,0.5,50,1.58,0.7044077134986226,0.7392837465564738,0.05545454545454546,0.041955922865013776,True Alert Rate
