Pattern Name,Imbalanced Ratio,Time Window,Abnormality Value,mixed_CS=T,mixed_CS=F,convn_CS=T,convn_CS=F,Detection Rates Metrics
stratification,0.5,50,0.905,0.0,0.0,0.0033333333333333335,0.0033333333333333335,Undetected Samples Percentage
stratification,0.5,50,0.905,0.03685950413223141,0.03493112947658402,0.00950413223140496,0.008512396694214877,Mean True Alert Streaks from Initial Detection
stratification,0.5,50,0.905,0.5202754820936639,0.5948760330578512,0.08035812672176308,0.05035812672176308,True Alert Rate
