Pattern Name,Imbalanced Ratio,Time Window,Abnormality Value,mixed_CS=T,mixed_CS=F,convn_CS=T,convn_CS=F,Detection Rates Metrics
stratification,0.75,50,0.755,0.0,0.0033333333333333335,0.006666666666666667,0.09666666666666666,Undetected Samples Percentage
stratification,0.75,50,0.755,0.0296969696969697,0.037906336088154274,0.010606060606060607,0.009641873278236913,Mean True Alert Streaks from Initial Detection
stratification,0.75,50,0.755,0.44101928374655647,0.204931129476584,0.05928374655647383,0.02460055096418733,True Alert Rate
