Pattern Name,Imbalanced Ratio,Time Window,Abnormality Value,mixed_CS=T,mixed_CS=F,convn_CS=T,convn_CS=F,Detection Rates Metrics
stratification,0.75,80,1.28,0.0,0.0,0.0,0.25666666666666665,Undetected Samples Percentage
stratification,0.75,80,1.28,0.08352617079889807,0.034352617079889805,0.016446280991735538,0.007741046831955923,Mean True Alert Streaks from Initial Detection
stratification,0.75,80,1.28,0.8326446280991735,0.6667493112947659,0.15041322314049588,0.016198347107438015,True Alert Rate
