Pattern Name,Imbalanced Ratio,Time Window,Abnormality Value,mixed_CS=T,mixed_CS=F,convn_CS=T,convn_CS=F,Detection Rates Metrics
stratification,0.75,30,0.455,0.0,0.05,0.0033333333333333335,0.03,Undetected Samples Percentage
stratification,0.75,30,0.455,0.015730027548209364,0.016005509641873278,0.012837465564738292,0.010578512396694216,Mean True Alert Streaks from Initial Detection
stratification,0.75,30,0.455,0.37790633608815427,0.05399449035812672,0.10473829201101928,0.042369146005509645,True Alert Rate
