Pattern Name,Imbalanced Ratio,Time Window,Abnormality Value,mixed_CS=T,mixed_CS=F,convn_CS=T,convn_CS=F,Detection Rates Metrics
stratification,0.75,30,1.205,0.0,0.0,0.0,0.0033333333333333335,Undetected Samples Percentage
stratification,0.75,30,1.205,0.028236914600550965,0.05024793388429752,0.011432506887052343,0.009917355371900825,Mean True Alert Streaks from Initial Detection
stratification,0.75,30,1.205,0.48856749311294767,0.3612396694214876,0.14834710743801652,0.0643526170798898,True Alert Rate
