Pattern Name,Imbalanced Ratio,Time Window,Abnormality Value,mixed_CS=T,mixed_CS=F,convn_CS=T,convn_CS=F,Detection Rates Metrics
stratification,0.95,50,0.455,0.0,0.33666666666666667,0.0,0.7466666666666667,Undetected Samples Percentage
stratification,0.95,50,0.455,0.02203856749311295,0.008044077134986225,0.052038567493112954,0.005096418732782369,Mean True Alert Streaks from Initial Detection
stratification,0.95,50,0.455,0.2934159779614325,0.01256198347107438,0.2450413223140496,0.00581267217630854,True Alert Rate
