Pattern Name,Imbalanced Ratio,Time Window,Abnormality Value,mixed_CS=T,mixed_CS=F,convn_CS=T,convn_CS=F,Detection Rates Metrics
stratification,0.95,50,0.905,0.0,0.08333333333333333,0.0,0.71,Undetected Samples Percentage
stratification,0.95,50,0.905,0.09011019283746556,0.014490358126721763,0.01371900826446281,0.0048209366391184574,Mean True Alert Streaks from Initial Detection
stratification,0.95,50,0.905,0.48771349862258956,0.08074380165289256,0.32203856749311294,0.006418732782369146,True Alert Rate
