Pattern Name,Imbalanced Ratio,Time Window,Abnormality Value,mixed_CS=T,mixed_CS=F,convn_CS=T,convn_CS=F,Detection Rates Metrics
stratification,0.95,30,1.43,0.0,0.0,0.0,0.5766666666666667,Undetected Samples Percentage
stratification,0.95,30,1.43,0.0746831955922865,0.049862258953168044,0.036942148760330584,0.010165289256198346,Mean True Alert Streaks from Initial Detection
stratification,0.95,30,1.43,0.7644903581267217,0.3431129476584022,0.14424242424242426,0.015730027548209367,True Alert Rate
