Pattern Name,Imbalanced Ratio,Time Window,Abnormality Value,mixed_CS=T,mixed_CS=F,convn_CS=T,convn_CS=F,Detection Rates Metrics
stratification,0.95,30,1.505,0.0,0.0,0.016666666666666666,0.01,Undetected Samples Percentage
stratification,0.95,30,1.505,0.22325068870523418,0.10831955922865014,0.03201101928374656,0.035151515151515156,Mean True Alert Streaks from Initial Detection
stratification,0.95,30,1.505,0.764573002754821,0.5525895316804408,0.12677685950413223,0.1290633608815427,True Alert Rate
