Pattern Name,Imbalanced Ratio,Time Window,Abnormality Value,mixed_CS=T,mixed_CS=F,convn_CS=T,convn_CS=F,Detection Rates Metrics
stratification,0.95,30,1.58,0.0,0.016666666666666666,0.0,0.01,Undetected Samples Percentage
stratification,0.95,30,1.58,0.11548209366391184,0.0815702479338843,0.038126721763085396,0.011652892561983472,Mean True Alert Streaks from Initial Detection
stratification,0.95,30,1.58,0.7035537190082645,0.2850413223140496,0.2733608815426997,0.062396694214876036,True Alert Rate
