Pattern Name,Imbalanced Ratio,Time Window,Abnormality Value,mixed_CS=T,mixed_CS=F,convn_CS=T,convn_CS=F,Detection Rates Metrics
stratification,0.95,50,1.355,0.0,0.0,0.0,0.013333333333333334,Undetected Samples Percentage
stratification,0.95,50,1.355,0.05181818181818182,0.03236914600550964,0.018512396694214877,0.029724517906336092,Mean True Alert Streaks from Initial Detection
stratification,0.95,50,1.355,0.6655096418732782,0.2820936639118457,0.4679063360881543,0.11399449035812673,True Alert Rate
