Pattern Name,Imbalanced Ratio,Time Window,Abnormality Value,mixed_CS=T,mixed_CS=F,convn_CS=T,convn_CS=F,Detection Rates Metrics
stratification,0.95,80,1.205,0.0,0.0,0.0,0.013333333333333334,Undetected Samples Percentage
stratification,0.95,80,1.205,0.22939393939393937,0.2950413223140496,0.018512396694214877,0.010633608815426998,Mean True Alert Streaks from Initial Detection
stratification,0.95,80,1.205,0.8079338842975207,0.6714325068870524,0.5228925619834711,0.0834159779614325,True Alert Rate
