Pattern Name,Imbalanced Ratio,Time Window,Abnormality Value,mixed_CS=T,mixed_CS=F,convn_CS=T,convn_CS=F,Detection Rates Metrics
stratification,0.95,50,0.53,0.0,0.9933333333333333,0.0,0.9866666666666667,Undetected Samples Percentage
stratification,0.95,50,0.53,0.03713498622589532,8.264462809917356e-05,0.04418732782369146,0.00016528925619834712,Mean True Alert Streaks from Initial Detection
stratification,0.95,50,0.53,0.3558126721763085,8.264462809917356e-05,0.3549035812672176,0.0001928374655647383,True Alert Rate
