Pattern Name,Imbalanced Ratio,Time Window,Abnormality Value,mixed_CS=T,mixed_CS=F,convn_CS=T,convn_CS=F,Detection Rates Metrics
stratification,0.95,30,1.205,0.0,0.0033333333333333335,0.0,0.19333333333333333,Undetected Samples Percentage
stratification,0.95,30,1.205,0.0937465564738292,0.078099173553719,0.045757575757575754,0.014710743801652892,Mean True Alert Streaks from Initial Detection
stratification,0.95,30,1.205,0.7125895316804408,0.35173553719008266,0.2961157024793388,0.03768595041322314,True Alert Rate
