Pattern Name,Imbalanced Ratio,Time Window,Abnormality Value,mixed_CS=T,mixed_CS=F,convn_CS=T,convn_CS=F,Detection Rates Metrics
stratification,0.9,30,1.43,0.0,0.0,0.023333333333333334,0.08,Undetected Samples Percentage
stratification,0.9,30,1.43,0.04322314049586777,0.07451790633608817,0.04584022038567493,0.017548209366391183,Mean True Alert Streaks from Initial Detection
stratification,0.9,30,1.43,0.49925619834710744,0.6446556473829201,0.1684297520661157,0.07382920110192838,True Alert Rate
