Pattern Name,Imbalanced Ratio,Time Window,Abnormality Value,mixed_CS=T,mixed_CS=F,convn_CS=T,convn_CS=F,Detection Rates Metrics
stratification,0.9,50,0.53,0.0,0.08,0.0,0.2633333333333333,Undetected Samples Percentage
stratification,0.9,50,0.53,0.027300275482093662,0.014545454545454544,0.01925619834710744,0.012066115702479339,Mean True Alert Streaks from Initial Detection
stratification,0.9,50,0.53,0.434297520661157,0.04261707988980716,0.2378236914600551,0.024297520661157024,True Alert Rate
