Pattern Name,Imbalanced Ratio,Time Window,Abnormality Value,mixed_CS=T,mixed_CS=F,convn_CS=T,convn_CS=F,Detection Rates Metrics
stratification,0.9,80,0.38,0.0,0.04,0.0,0.006666666666666667,Undetected Samples Percentage
stratification,0.9,80,0.38,0.03005509641873278,0.018539944903581268,0.02391184573002755,0.013801652892561984,Mean True Alert Streaks from Initial Detection
stratification,0.9,80,0.38,0.3388154269972452,0.07272727272727272,0.27633608815426997,0.06198347107438017,True Alert Rate
