Pattern Name,Imbalanced Ratio,Time Window,Abnormality Value,mixed_CS=T,mixed_CS=F,convn_CS=T,convn_CS=F,Detection Rates Metrics
stratification,0.9,80,0.68,0.0,0.1,0.0,0.13333333333333333,Undetected Samples Percentage
stratification,0.9,80,0.68,0.016611570247933884,0.05809917355371901,0.02349862258953168,0.017052341597796145,Mean True Alert Streaks from Initial Detection
stratification,0.9,80,0.68,0.39429752066115703,0.1743801652892562,0.11146005509641874,0.04639118457300275,True Alert Rate
