Pattern Name,Imbalanced Ratio,Time Window,Abnormality Value,mixed_CS=T,mixed_CS=F,convn_CS=T,convn_CS=F,Detection Rates Metrics
stratification,0.9,50,0.905,0.0,0.02,0.03333333333333333,0.19,Undetected Samples Percentage
stratification,0.9,50,0.905,0.07457300275482093,0.10862258953168044,0.010385674931129477,0.008209366391184574,Mean True Alert Streaks from Initial Detection
stratification,0.9,50,0.905,0.6043801652892562,0.37953168044077135,0.03870523415977961,0.02206611570247934,True Alert Rate
