Pattern Name,Imbalanced Ratio,Time Window,Abnormality Value,mixed_CS=T,mixed_CS=F,convn_CS=T,convn_CS=F,Detection Rates Metrics
stratification,0.9,30,0.605,0.0,0.9366666666666666,0.0,0.7233333333333334,Undetected Samples Percentage
stratification,0.9,30,0.605,0.05341597796143251,0.0011019283746556475,0.028815426997245184,0.0033333333333333335,Mean True Alert Streaks from Initial Detection
stratification,0.9,30,0.605,0.5377134986225895,0.0014600550964187328,0.2584573002754821,0.004132231404958678,True Alert Rate
