Pattern Name,Imbalanced Ratio,Time Window,Abnormality Value,mixed_CS=T,mixed_CS=F,convn_CS=T,convn_CS=F,Detection Rates Metrics
stratification,0.9,30,0.905,0.0,0.09333333333333334,0.0,0.25,Undetected Samples Percentage
stratification,0.9,30,0.905,0.021983471074380166,0.030606060606060612,0.013168044077134984,0.008539944903581266,Mean True Alert Streaks from Initial Detection
stratification,0.9,30,0.905,0.39539944903581264,0.07258953168044077,0.12887052341597796,0.015234159779614325,True Alert Rate
