Pattern Name,Imbalanced Ratio,Time Window,Abnormality Value,mixed_CS=T,mixed_CS=F,convn_CS=T,convn_CS=F,Detection Rates Metrics
stratification,0.9,50,0.38,0.0,0.19333333333333333,0.0,0.18,Undetected Samples Percentage
stratification,0.9,50,0.38,0.03768595041322314,0.01415977961432507,0.018925619834710743,0.009807162534435261,Mean True Alert Streaks from Initial Detection
stratification,0.9,50,0.38,0.30173553719008267,0.02771349862258953,0.14614325068870523,0.021570247933884297,True Alert Rate
