Pattern Name,Imbalanced Ratio,Time Window,Abnormality Value,mixed_CS=T,mixed_CS=F,convn_CS=T,convn_CS=F,Detection Rates Metrics
stratification,0.9,80,0.53,0.0,0.02666666666666667,0.0,0.05333333333333334,Undetected Samples Percentage
stratification,0.9,80,0.53,0.025041322314049586,0.0162534435261708,0.01509641873278237,0.009724517906336088,Mean True Alert Streaks from Initial Detection
stratification,0.9,80,0.53,0.36393939393939395,0.10258953168044077,0.17322314049586776,0.03663911845730027,True Alert Rate
