Pattern Name,Imbalanced Ratio,Time Window,Abnormality Value,mixed_CS=T,mixed_CS=F,convn_CS=T,convn_CS=F,Detection Rates Metrics
stratification,0.9,30,0.98,0.0,0.24666666666666667,0.0,0.01,Undetected Samples Percentage
stratification,0.9,30,0.98,0.058980716253443526,0.015289256198347107,0.012975206611570247,0.009449035812672176,Mean True Alert Streaks from Initial Detection
stratification,0.9,30,0.98,0.40286501377410466,0.04537190082644628,0.1656473829201102,0.0478236914600551,True Alert Rate
