Pattern Name,Imbalanced Ratio,Time Window,Abnormality Value,mixed_CS=T,mixed_CS=F,convn_CS=T,convn_CS=F,Detection Rates Metrics
downtrend,0.95,80,0.005,0.0,0.013333333333333334,0.0,0.013333333333333334,Undetected Samples Percentage
downtrend,0.95,80,0.005,0.17983471074380167,0.12143250688705234,0.2030578512396694,0.17958677685950414,Mean True Alert Streaks from Initial Detection
downtrend,0.95,80,0.005,0.6627823691460055,0.32462809917355373,0.6279338842975206,0.3626170798898072,True Alert Rate
