Pattern Name,Imbalanced Ratio,Time Window,Abnormality Value,mixed_CS=T,mixed_CS=F,convn_CS=T,convn_CS=F,Detection Rates Metrics
downtrend,0.9,80,0.005,0.0,0.02666666666666667,0.0,0.0033333333333333335,Undetected Samples Percentage
downtrend,0.9,80,0.005,0.30666666666666664,0.027024793388429752,0.20261707988980718,0.142396694214876,Mean True Alert Streaks from Initial Detection
downtrend,0.9,80,0.005,0.7144077134986226,0.25523415977961433,0.6001101928374656,0.4640495867768595,True Alert Rate
