Methods,Pattern Name,Imbalanced Ratio,Time Window,Abnormality Value,ARLIDX,USP,TASRID,TAR,loss,specificity,sensitivity,accuracy,geometric_mean
mixed_CS=T,cyclic,0.950000,30,0.905000,11.023333,0.000000,0.235675,0.761350,0.108297,0.906316,0.600000,0.891000,0.737421
Unlu_CS=T,cyclic,0.950000,30,0.905000,16.143333,0.000000,0.017989,0.352562,0.234386,0.964211,0.220000,0.927000,0.460572
