Methods,Pattern Name,Imbalanced Ratio,Time Window,Abnormality Value,ARLIDX,USP,TASRID,TAR,loss,specificity,sensitivity,accuracy,geometric_mean
mixed_CS=T,cyclic,0.950000,80,0.455000,12.583333,0.000000,0.018292,0.346474,0.115061,0.836842,0.720000,0.831000,0.776226
Unlu_CS=T,cyclic,0.950000,80,0.455000,40.784512,0.010000,0.013912,0.182562,0.203195,0.964211,0.360000,0.934000,0.589165
