Methods,Pattern Name,Imbalanced Ratio,Time Window,Abnormality Value,ARLIDX,USP,TASRID,TAR,loss,specificity,sensitivity,accuracy,geometric_mean
mixed_CS=T,cyclic,0.950000,80,0.230000,3.220000,0.000000,0.022121,0.390165,0.155307,0.652632,0.700000,0.655000,0.675901
Unlu_CS=T,cyclic,0.950000,80,0.230000,10.586667,0.000000,0.026336,0.340689,0.584152,0.693684,0.420000,0.680000,0.539766
