Methods,Pattern Name,Imbalanced Ratio,Time Window,Abnormality Value,ARLIDX,USP,TASRID,TAR,loss,specificity,sensitivity,accuracy,geometric_mean
mixed_CS=T,cyclic,0.950000,50,0.905000,11.520000,0.000000,0.328017,0.861129,0.095039,0.886316,0.740000,0.879000,0.809860
Unlu_CS=T,cyclic,0.950000,50,0.905000,25.376667,0.000000,0.222920,0.674683,0.130681,0.983158,0.520000,0.960000,0.715012
