Methods,Pattern Name,Imbalanced Ratio,Time Window,Abnormality Value,ARLIDX,USP,TASRID,TAR,loss,specificity,sensitivity,accuracy,geometric_mean
mixed_CS=T,cyclic,0.950000,80,1.730000,12.796667,0.000000,0.025785,0.560193,0.002165,0.996842,1.000000,0.997000,0.998420
Unlu_CS=T,cyclic,0.950000,80,1.730000,42.963333,0.000000,0.388237,0.639366,0.129438,1.000000,0.520000,0.976000,0.721110
