Methods,Pattern Name,Imbalanced Ratio,Time Window,Abnormality Value,ARLIDX,USP,TASRID,TAR,loss,specificity,sensitivity,accuracy,geometric_mean
mixed_CS=T,cyclic,0.950000,50,0.155000,9.746667,0.000000,0.036887,0.266419,0.142040,0.731579,0.300000,0.710000,0.468480
Unlu_CS=T,cyclic,0.950000,50,0.155000,6.296667,0.000000,0.075978,0.437493,0.672588,0.546316,0.440000,0.541000,0.490285
