Methods,Pattern Name,Imbalanced Ratio,Time Window,Abnormality Value,ARLIDX,USP,TASRID,TAR,loss,specificity,sensitivity,accuracy,geometric_mean
mixed_CS=T,cyclic,0.950000,30,1.430000,8.293333,0.000000,0.392562,0.894628,0.039485,0.971579,0.820000,0.964000,0.892578
Unlu_CS=T,cyclic,0.950000,30,1.430000,18.216667,0.000000,0.390193,0.798595,0.133103,0.995789,0.460000,0.969000,0.676804
