Methods,Pattern Name,Imbalanced Ratio,Time Window,Abnormality Value,ARLIDX,USP,TASRID,TAR,loss,specificity,sensitivity,accuracy,geometric_mean
mixed_CS=T,cyclic,0.950000,80,1.205000,10.950000,0.000000,0.019146,0.479394,0.018606,0.968421,0.960000,0.968000,0.964201
Unlu_CS=T,cyclic,0.950000,80,1.205000,40.790000,0.000000,0.377658,0.647576,0.093169,1.000000,0.640000,0.982000,0.800000
