Methods,Pattern Name,Imbalanced Ratio,Time Window,Abnormality Value,ARLIDX,USP,TASRID,TAR,loss,specificity,sensitivity,accuracy,geometric_mean
mixed_CS=T,cyclic,0.950000,80,1.055000,13.640000,0.000000,0.013444,0.333168,0.019492,0.977895,0.960000,0.977000,0.968906
Unlu_CS=T,cyclic,0.950000,80,1.055000,43.493333,0.000000,0.125234,0.574160,0.133577,0.996842,0.480000,0.971000,0.691725
