Methods,Pattern Name,Imbalanced Ratio,Time Window,Abnormality Value,ARLIDX,USP,TASRID,TAR,loss,specificity,sensitivity,accuracy,geometric_mean
mixed_CS=T,cyclic,0.950000,50,0.230000,5.810000,0.000000,0.039835,0.441019,0.162649,0.593684,0.540000,0.591000,0.566206
Unlu_CS=T,cyclic,0.950000,50,0.230000,7.896667,0.000000,0.035702,0.324821,0.584129,0.668421,0.300000,0.650000,0.447802
