Methods,Pattern Name,Imbalanced Ratio,Time Window,Abnormality Value,ARLIDX,USP,TASRID,TAR,loss,specificity,sensitivity,accuracy,geometric_mean
mixed_CS=T,cyclic,0.950000,30,0.155000,3.250000,0.000000,0.058292,0.541983,0.175963,0.461053,0.620000,0.469000,0.534652
Unlu_CS=T,cyclic,0.950000,30,0.155000,4.723333,0.000000,0.033774,0.400138,0.663113,0.628421,0.320000,0.613000,0.448436
