Methods,Pattern Name,Imbalanced Ratio,Time Window,Abnormality Value,ARLIDX,USP,TASRID,TAR,loss,specificity,sensitivity,accuracy,geometric_mean
mixed_CS=T,cyclic,0.950000,30,1.805000,7.053333,0.000000,0.716667,0.942287,0.033996,0.985263,0.860000,0.979000,0.920503
Unlu_CS=T,cyclic,0.950000,30,1.805000,16.256667,0.000000,0.567190,0.858182,0.145314,1.000000,0.520000,0.976000,0.721110
