Methods,Pattern Name,Imbalanced Ratio,Time Window,Abnormality Value,ARLIDX,USP,TASRID,TAR,loss,specificity,sensitivity,accuracy,geometric_mean
mixed_CS=T,cyclic,0.950000,30,0.530000,12.040000,0.000000,0.055179,0.469229,0.136333,0.774737,0.480000,0.760000,0.609814
Unlu_CS=T,cyclic,0.950000,30,0.530000,17.223333,0.000000,0.018347,0.205675,0.361142,0.909474,0.180000,0.873000,0.404605
