Methods,Pattern Name,Imbalanced Ratio,Time Window,Abnormality Value,ARLIDX,USP,TASRID,TAR,loss,specificity,sensitivity,accuracy,geometric_mean
mixed_CS=T,cyclic,0.950000,50,0.380000,12.520000,0.000000,0.044105,0.467603,0.133012,0.792632,0.620000,0.784000,0.701022
Unlu_CS=T,cyclic,0.950000,50,0.380000,15.806667,0.000000,0.016143,0.219862,0.373782,0.876842,0.300000,0.848000,0.512887
