Methods,Pattern Name,Imbalanced Ratio,Time Window,Abnormality Value,ARLIDX,USP,TASRID,TAR,loss,specificity,sensitivity,accuracy,geometric_mean
mixed_CS=T,cyclic,0.950000,30,1.205000,8.396667,0.000000,0.360551,0.876391,0.080512,0.914737,0.800000,0.909000,0.855447
Unlu_CS=T,cyclic,0.950000,30,1.205000,20.436667,0.000000,0.275620,0.694518,0.139916,0.989474,0.360000,0.958000,0.596834
