Methods,Pattern Name,Imbalanced Ratio,Time Window,Abnormality Value,ARLIDX,USP,TASRID,TAR,loss,specificity,sensitivity,accuracy,geometric_mean
mixed_CS=T,cyclic,0.950000,80,0.155000,3.010000,0.000000,0.022590,0.394683,0.158306,0.617895,0.620000,0.618000,0.618946
Unlu_CS=T,cyclic,0.950000,80,0.155000,14.801347,0.010000,0.081019,0.422342,0.663643,0.607368,0.380000,0.596000,0.480416
