Methods,Pattern Name,Imbalanced Ratio,Time Window,Abnormality Value,ARLIDX,USP,TASRID,TAR,loss,specificity,sensitivity,accuracy,geometric_mean
mixed_CS=T,cyclic,0.950000,30,1.730000,7.470000,0.000000,0.583333,0.933058,0.041701,0.981053,0.880000,0.976000,0.929154
Unlu_CS=T,cyclic,0.950000,30,1.730000,16.606667,0.000000,0.619614,0.855950,0.094329,1.000000,0.600000,0.980000,0.774597
