Methods,Pattern Name,Imbalanced Ratio,Time Window,Abnormality Value,ARLIDX,USP,TASRID,TAR,loss,specificity,sensitivity,accuracy,geometric_mean
mixed_CS=T,cyclic,0.950000,80,1.130000,13.946667,0.000000,0.015372,0.385950,0.017620,0.982105,0.860000,0.976000,0.919027
Unlu_CS=T,cyclic,0.950000,80,1.130000,44.889632,0.003333,0.247135,0.597190,0.112720,1.000000,0.520000,0.976000,0.721110
