Methods,Pattern Name,Imbalanced Ratio,Time Window,Abnormality Value,ARLIDX,USP,TASRID,TAR,loss,specificity,sensitivity,accuracy,geometric_mean
mixed_CS=T,cyclic,0.950000,80,0.530000,10.036667,0.000000,0.016639,0.378127,0.100247,0.838947,0.820000,0.838000,0.829420
Unlu_CS=T,cyclic,0.950000,80,0.530000,46.798658,0.006667,0.014408,0.209697,0.181178,0.975789,0.380000,0.946000,0.608934
