Methods,Pattern Name,Imbalanced Ratio,Time Window,Abnormality Value,ARLIDX,USP,TASRID,TAR,loss,specificity,sensitivity,accuracy,geometric_mean
mixed_CS=T,cyclic,0.950000,30,0.680000,11.026667,0.000000,0.078182,0.607631,0.128699,0.869474,0.620000,0.857000,0.734216
Unlu_CS=T,cyclic,0.950000,30,0.680000,19.820000,0.000000,0.020193,0.294325,0.240137,0.966316,0.220000,0.929000,0.461074
