Methods,Pattern Name,Imbalanced Ratio,Time Window,Abnormality Value,ARLIDX,USP,TASRID,TAR,loss,specificity,sensitivity,accuracy,geometric_mean
mixed_CS=T,cyclic,0.950000,30,1.655000,7.773333,0.000000,0.600358,0.929807,0.039515,0.973684,0.800000,0.965000,0.882580
Unlu_CS=T,cyclic,0.950000,30,1.655000,17.183333,0.000000,0.377493,0.838017,0.170341,1.000000,0.400000,0.970000,0.632456
