Methods,Pattern Name,Imbalanced Ratio,Time Window,Abnormality Value,ARLIDX,USP,TASRID,TAR,loss,specificity,sensitivity,accuracy,geometric_mean
mixed_CS=T,cyclic,0.950000,50,0.755000,12.883333,0.000000,0.368264,0.812865,0.117235,0.843158,0.780000,0.840000,0.810964
Unlu_CS=T,cyclic,0.950000,50,0.755000,25.653333,0.000000,0.016915,0.331763,0.209849,0.984211,0.300000,0.950000,0.543381
