Methods,Pattern Name,Imbalanced Ratio,Time Window,Abnormality Value,ARLIDX,USP,TASRID,TAR,loss,specificity,sensitivity,accuracy,geometric_mean
mixed_CS=T,cyclic,0.950000,80,0.755000,13.083333,0.000000,0.016198,0.361295,0.060959,0.912632,0.900000,0.912000,0.906294
Unlu_CS=T,cyclic,0.950000,80,0.755000,51.254181,0.003333,0.022727,0.328953,0.148187,0.995789,0.340000,0.963000,0.581866
