Methods,Pattern Name,Imbalanced Ratio,Time Window,Abnormality Value,ARLIDX,USP,TASRID,TAR,loss,specificity,sensitivity,accuracy,geometric_mean
mixed_CS=T,cyclic,0.950000,50,1.205000,8.946667,0.000000,0.145868,0.881350,0.044043,0.944211,0.880000,0.941000,0.911540
Unlu_CS=T,cyclic,0.950000,50,1.205000,29.483333,0.000000,0.298898,0.717052,0.159179,0.993684,0.480000,0.968000,0.690629
