Methods,Pattern Name,Imbalanced Ratio,Time Window,Abnormality Value,ARLIDX,USP,TASRID,TAR,loss,specificity,sensitivity,accuracy,geometric_mean
mixed_CS=T,cyclic,0.950000,30,1.505000,8.056667,0.000000,0.627052,0.930689,0.055366,0.967368,0.880000,0.963000,0.922651
Unlu_CS=T,cyclic,0.950000,30,1.505000,18.813333,0.000000,0.134904,0.752424,0.156387,0.997895,0.380000,0.967000,0.615792
