Methods,Pattern Name,Imbalanced Ratio,Time Window,Abnormality Value,ARLIDX,USP,TASRID,TAR,loss,specificity,sensitivity,accuracy,geometric_mean
mixed_CS=T,cyclic,0.950000,30,0.230000,7.303333,0.000000,0.034904,0.308127,0.159252,0.692632,0.360000,0.676000,0.499347
Unlu_CS=T,cyclic,0.950000,30,0.230000,13.116667,0.000000,0.025647,0.226860,0.596033,0.771579,0.220000,0.744000,0.412004
