Methods,Pattern Name,Imbalanced Ratio,Time Window,Abnormality Value,ARLIDX,USP,TASRID,TAR,loss,specificity,sensitivity,accuracy,geometric_mean
mixed_CS=T,cyclic,0.950000,30,1.130000,9.070000,0.000000,0.345537,0.869504,0.079110,0.907368,0.740000,0.899000,0.819422
Unlu_CS=T,cyclic,0.950000,30,1.130000,21.480000,0.000000,0.180303,0.652231,0.134408,0.992632,0.320000,0.959000,0.563597
