Methods,Pattern Name,Imbalanced Ratio,Time Window,Abnormality Value,ARLIDX,USP,TASRID,TAR,loss,specificity,sensitivity,accuracy,geometric_mean
mixed_CS=T,cyclic,0.950000,50,1.730000,8.893333,0.000000,0.637631,0.925785,0.015259,0.988421,0.980000,0.988000,0.984201
Unlu_CS=T,cyclic,0.950000,50,1.730000,27.693333,0.000000,0.589229,0.772727,0.135549,1.000000,0.560000,0.978000,0.748331
