Methods,Pattern Name,Imbalanced Ratio,Time Window,Abnormality Value,ARLIDX,USP,TASRID,TAR,loss,specificity,sensitivity,accuracy,geometric_mean
mixed_CS=T,cyclic,0.950000,80,0.005000,8.526667,0.000000,0.048981,0.364711,0.168664,0.628421,0.260000,0.610000,0.404215
Unlu_CS=T,cyclic,0.950000,80,0.005000,7.553333,0.000000,0.041680,0.328512,0.680615,0.669474,0.180000,0.645000,0.347139
