Methods,Pattern Name,Imbalanced Ratio,Time Window,Abnormality Value,ARLIDX,USP,TASRID,TAR,loss,specificity,sensitivity,accuracy,geometric_mean
mixed_CS=T,cyclic,0.950000,50,1.280000,11.466667,0.000000,0.529449,0.892369,0.025198,0.976842,0.900000,0.973000,0.937634
Unlu_CS=T,cyclic,0.950000,50,1.280000,26.543333,0.000000,0.440496,0.747410,0.098486,1.000000,0.520000,0.976000,0.721110
