Methods,Pattern Name,Imbalanced Ratio,Time Window,Abnormality Value,ARLIDX,USP,TASRID,TAR,loss,specificity,sensitivity,accuracy,geometric_mean
mixed_CS=T,cyclic,0.950000,80,0.305000,6.593333,0.000000,0.019366,0.328072,0.139584,0.750526,0.700000,0.748000,0.724823
Unlu_CS=T,cyclic,0.950000,80,0.305000,5.506667,0.000000,0.036556,0.386722,0.635020,0.622105,0.480000,0.615000,0.546453
