Methods,Pattern Name,Imbalanced Ratio,Time Window,Abnormality Value,ARLIDX,USP,TASRID,TAR,loss,specificity,sensitivity,accuracy,geometric_mean
mixed_CS=T,cyclic,0.950000,30,0.830000,9.613333,0.000000,0.149835,0.709366,0.131206,0.832632,0.580000,0.820000,0.694929
Unlu_CS=T,cyclic,0.950000,30,0.830000,18.113333,0.000000,0.020992,0.372617,0.260372,0.953684,0.260000,0.919000,0.497954
