Methods,Pattern Name,Imbalanced Ratio,Time Window,Abnormality Value,ARLIDX,USP,TASRID,TAR,loss,specificity,sensitivity,accuracy,geometric_mean
mixed_CS=T,cyclic,0.950000,30,0.755000,12.206667,0.000000,0.127218,0.704077,0.114832,0.862105,0.540000,0.846000,0.682303
Unlu_CS=T,cyclic,0.950000,30,0.755000,17.410000,0.000000,0.016887,0.323223,0.235466,0.947368,0.260000,0.913000,0.496302
