Methods,Pattern Name,Imbalanced Ratio,Time Window,Abnormality Value,ARLIDX,USP,TASRID,TAR,loss,specificity,sensitivity,accuracy,geometric_mean
mixed_CS=T,cyclic,0.950000,80,1.430000,11.313333,0.000000,0.019614,0.467658,0.012453,0.976842,0.960000,0.976000,0.968384
Unlu_CS=T,cyclic,0.950000,80,1.430000,44.373333,0.000000,0.445207,0.631983,0.098450,1.000000,0.560000,0.978000,0.748331
