Methods,Pattern Name,Imbalanced Ratio,Time Window,Abnormality Value,ARLIDX,USP,TASRID,TAR,loss,specificity,sensitivity,accuracy,geometric_mean
mixed_CS=T,cyclic,0.950000,80,1.805000,10.626667,0.000000,0.018788,0.821818,0.004780,0.992632,1.000000,0.993000,0.996309
Unlu_CS=T,cyclic,0.950000,80,1.805000,39.036667,0.000000,0.490523,0.677245,0.108804,1.000000,0.600000,0.980000,0.774597
