Methods,Pattern Name,Imbalanced Ratio,Time Window,Abnormality Value,ARLIDX,USP,TASRID,TAR,loss,specificity,sensitivity,accuracy,geometric_mean
mixed_CS=T,cyclic,0.950000,50,1.805000,8.486667,0.000000,0.670496,0.930358,0.012187,0.983158,0.980000,0.983000,0.981578
Unlu_CS=T,cyclic,0.950000,50,1.805000,26.566667,0.000000,0.486997,0.776722,0.106048,0.998947,0.620000,0.980000,0.786986
