Methods,Pattern Name,Imbalanced Ratio,Time Window,Abnormality Value,ARLIDX,USP,TASRID,TAR,loss,specificity,sensitivity,accuracy,geometric_mean
mixed_CS=T,cyclic,0.950000,30,0.305000,6.273333,0.000000,0.032700,0.304077,0.159805,0.707368,0.340000,0.689000,0.490413
Unlu_CS=T,cyclic,0.950000,30,0.305000,3.583333,0.000000,0.024904,0.358127,0.580733,0.682105,0.360000,0.666000,0.495538
