Methods,Pattern Name,Imbalanced Ratio,Time Window,Abnormality Value,ARLIDX,USP,TASRID,TAR,loss,specificity,sensitivity,accuracy,geometric_mean
mixed_CS=T,cyclic,0.950000,80,0.905000,13.156667,0.000000,0.012617,0.333554,0.030663,0.971579,0.860000,0.966000,0.914089
Unlu_CS=T,cyclic,0.950000,80,0.905000,39.383838,0.010000,0.016171,0.351680,0.090536,0.997895,0.460000,0.971000,0.677519
