Methods,Pattern Name,Imbalanced Ratio,Time Window,Abnormality Value,ARLIDX,USP,TASRID,TAR,loss,specificity,sensitivity,accuracy,geometric_mean
mixed_CS=T,cyclic,0.950000,50,0.680000,12.673333,0.000000,0.156116,0.734904,0.115886,0.843158,0.760000,0.839000,0.800500
Unlu_CS=T,cyclic,0.950000,50,0.680000,38.496667,0.000000,0.022755,0.311708,0.172707,0.987368,0.220000,0.949000,0.466070
