Methods,Pattern Name,Imbalanced Ratio,Time Window,Abnormality Value,ARLIDX,USP,TASRID,TAR,loss,specificity,sensitivity,accuracy,geometric_mean
mixed_CS=T,cyclic,0.950000,80,1.580000,10.083333,0.000000,0.020689,0.527548,0.008475,0.986316,1.000000,0.987000,0.993134
Unlu_CS=T,cyclic,0.950000,80,1.580000,29.833333,0.000000,0.313030,0.737245,0.083341,1.000000,0.660000,0.983000,0.812404
