Methods,Pattern Name,Imbalanced Ratio,Time Window,Abnormality Value,ARLIDX,USP,TASRID,TAR,loss,specificity,sensitivity,accuracy,geometric_mean
mixed_CS=T,cyclic,0.950000,50,0.005000,6.803333,0.000000,0.054766,0.499421,0.175399,0.506316,0.460000,0.504000,0.482603
Unlu_CS=T,cyclic,0.950000,50,0.005000,9.100000,0.000000,0.057851,0.401019,0.661745,0.613684,0.360000,0.601000,0.470028
