Methods,Pattern Name,Imbalanced Ratio,Time Window,Abnormality Value,ARLIDX,USP,TASRID,TAR,loss,specificity,sensitivity,accuracy,geometric_mean
mixed_CS=T,cyclic,0.950000,30,1.280000,9.136667,0.000000,0.554298,0.896887,0.075558,0.955789,0.820000,0.949000,0.885295
Unlu_CS=T,cyclic,0.950000,30,1.280000,18.546667,0.000000,0.129118,0.720826,0.139308,0.995789,0.380000,0.965000,0.615142
