Methods,Pattern Name,Imbalanced Ratio,Time Window,Abnormality Value,ARLIDX,USP,TASRID,TAR,loss,specificity,sensitivity,accuracy,geometric_mean
mixed_CS=T,cyclic,0.950000,30,0.980000,8.963333,0.000000,0.248898,0.829008,0.098154,0.897895,0.580000,0.882000,0.721650
Unlu_CS=T,cyclic,0.950000,30,0.980000,19.180000,0.000000,0.053774,0.517300,0.182232,0.985263,0.300000,0.951000,0.543672
