Methods,Pattern Name,Imbalanced Ratio,Time Window,Abnormality Value,ARLIDX,USP,TASRID,TAR,loss,specificity,sensitivity,accuracy,geometric_mean
mixed_CS=T,cyclic,0.950000,50,0.455000,12.773333,0.000000,0.056143,0.480551,0.138374,0.793684,0.580000,0.783000,0.678481
Unlu_CS=T,cyclic,0.950000,50,0.455000,42.577061,0.070000,0.033168,0.174242,0.388038,0.952632,0.340000,0.922000,0.569117
