Methods,Pattern Name,Imbalanced Ratio,Time Window,Abnormality Value,ARLIDX,USP,TASRID,TAR,loss,specificity,sensitivity,accuracy,geometric_mean
mixed_CS=T,cyclic,0.950000,50,1.505000,12.026667,0.000000,0.395289,0.881185,0.011418,0.991579,0.920000,0.988000,0.955119
Unlu_CS=T,cyclic,0.950000,50,1.505000,25.840000,0.000000,0.538815,0.781185,0.115582,1.000000,0.620000,0.981000,0.787401
