Methods,Pattern Name,Imbalanced Ratio,Time Window,Abnormality Value,ARLIDX,USP,TASRID,TAR,loss,specificity,sensitivity,accuracy,geometric_mean
mixed_CS=T,cyclic,0.950000,80,0.080000,3.850000,0.000000,0.022507,0.358375,0.163512,0.637895,0.360000,0.624000,0.479210
Unlu_CS=T,cyclic,0.950000,80,0.080000,9.303333,0.000000,0.041377,0.313912,0.634360,0.665263,0.300000,0.647000,0.446743
