Methods,Pattern Name,Imbalanced Ratio,Time Window,Abnormality Value,ARLIDX,USP,TASRID,TAR,loss,specificity,sensitivity,accuracy,geometric_mean
mixed_CS=T,cyclic,0.950000,50,0.530000,10.570000,0.000000,0.083251,0.588567,0.135455,0.790526,0.600000,0.781000,0.688706
Unlu_CS=T,cyclic,0.950000,50,0.530000,17.550000,0.000000,0.013526,0.269394,0.342446,0.900000,0.220000,0.866000,0.444972
