Methods,Pattern Name,Imbalanced Ratio,Time Window,Abnormality Value,ARLIDX,USP,TASRID,TAR,loss,specificity,sensitivity,accuracy,geometric_mean
mixed_CS=T,cyclic,0.950000,30,0.005000,7.923333,0.000000,0.081212,0.438237,0.168971,0.569474,0.480000,0.565000,0.522826
Unlu_CS=T,cyclic,0.950000,30,0.005000,13.506667,0.000000,0.086694,0.319477,0.682800,0.661053,0.220000,0.639000,0.381355
