Methods,Pattern Name,Imbalanced Ratio,Time Window,Abnormality Value,ARLIDX,USP,TASRID,TAR,loss,specificity,sensitivity,accuracy,geometric_mean
mixed_CS=T,cyclic,0.950000,30,0.605000,11.993333,0.000000,0.083196,0.544848,0.140103,0.806316,0.400000,0.786000,0.567914
Unlu_CS=T,cyclic,0.950000,30,0.605000,13.250000,0.000000,0.014986,0.267851,0.324188,0.907368,0.140000,0.869000,0.356415
