Methods,Pattern Name,Imbalanced Ratio,Time Window,Abnormality Value,ARLIDX,USP,TASRID,TAR,loss,specificity,sensitivity,accuracy,geometric_mean
mixed_CS=T,cyclic,0.950000,30,0.080000,5.333333,0.000000,0.067493,0.471625,0.172626,0.509474,0.440000,0.506000,0.473464
Unlu_CS=T,cyclic,0.950000,30,0.080000,10.960000,0.000000,0.123278,0.454821,0.683261,0.543158,0.420000,0.537000,0.477626
