Methods,Pattern Name,Imbalanced Ratio,Time Window,Abnormality Value,ARLIDX,USP,TASRID,TAR,loss,specificity,sensitivity,accuracy,geometric_mean
mixed_CS=T,cyclic,0.950000,50,0.305000,6.063333,0.000000,0.030055,0.355399,0.162059,0.717895,0.500000,0.707000,0.599122
Unlu_CS=T,cyclic,0.950000,50,0.305000,15.237458,0.003333,0.023196,0.191350,0.495632,0.833684,0.260000,0.805000,0.465573
