Methods,Pattern Name,Imbalanced Ratio,Time Window,Abnormality Value,ARLIDX,USP,TASRID,TAR,loss,specificity,sensitivity,accuracy,geometric_mean
mixed_CS=T,cyclic,0.950000,80,1.355000,15.823333,0.000000,0.015978,0.412176,0.004341,0.997895,0.960000,0.996000,0.978764
Unlu_CS=T,cyclic,0.950000,80,1.355000,43.300000,0.000000,0.313747,0.622011,0.096744,1.000000,0.560000,0.978000,0.748331
