Methods,Pattern Name,Imbalanced Ratio,Time Window,Abnormality Value,ARLIDX,USP,TASRID,TAR,loss,specificity,sensitivity,accuracy,geometric_mean
mixed_CS=T,cyclic,0.950000,80,1.655000,11.660000,0.000000,0.021074,0.434160,0.003926,0.996842,1.000000,0.997000,0.998420
Unlu_CS=T,cyclic,0.950000,80,1.655000,39.666667,0.000000,0.389394,0.670110,0.102459,0.998947,0.560000,0.977000,0.747938
