Methods,Pattern Name,Imbalanced Ratio,Time Window,Abnormality Value,ARLIDX,USP,TASRID,TAR,loss,specificity,sensitivity,accuracy,geometric_mean
mixed_CS=T,cyclic,0.900000,50,0.605000,15.363333,0.000000,0.199036,0.721846,0.126931,0.847778,0.610000,0.824000,0.719128
Unlu_CS=T,cyclic,0.900000,50,0.605000,21.186667,0.000000,0.015262,0.291818,0.329636,0.936667,0.270000,0.870000,0.502892
