Methods,Pattern Name,Imbalanced Ratio,Time Window,Abnormality Value,ARLIDX,USP,TASRID,TAR,loss,specificity,sensitivity,accuracy,geometric_mean
mixed_CS=T,cyclic,0.900000,80,0.455000,6.713333,0.000000,0.017713,0.364601,0.119918,0.765556,0.840000,0.773000,0.801914
Unlu_CS=T,cyclic,0.900000,80,0.455000,38.271186,0.016667,0.016033,0.233994,0.279988,0.956667,0.470000,0.908000,0.670547
