Methods,Pattern Name,Imbalanced Ratio,Time Window,Abnormality Value,ARLIDX,USP,TASRID,TAR,loss,specificity,sensitivity,accuracy,geometric_mean
mixed_CS=T,cyclic,0.900000,30,0.680000,11.870000,0.000000,0.150496,0.676061,0.145984,0.822222,0.600000,0.800000,0.702377
Unlu_CS=T,cyclic,0.900000,30,0.680000,16.310000,0.000000,0.016501,0.287107,0.344596,0.950000,0.280000,0.883000,0.515752
