Methods,Pattern Name,Imbalanced Ratio,Time Window,Abnormality Value,ARLIDX,USP,TASRID,TAR,loss,specificity,sensitivity,accuracy,geometric_mean
mixed_CS=T,cyclic,0.900000,80,0.530000,18.316667,0.000000,0.016446,0.322452,0.079218,0.918889,0.740000,0.901000,0.824608
Unlu_CS=T,cyclic,0.900000,80,0.530000,35.100334,0.003333,0.014298,0.273636,0.211559,0.966667,0.560000,0.926000,0.735754
