Methods,Pattern Name,Imbalanced Ratio,Time Window,Abnormality Value,ARLIDX,USP,TASRID,TAR,loss,specificity,sensitivity,accuracy,geometric_mean
mixed_CS=T,cyclic,0.900000,80,0.380000,6.746667,0.000000,0.018375,0.324904,0.125176,0.780000,0.750000,0.777000,0.764853
Unlu_CS=T,cyclic,0.900000,80,0.380000,19.266667,0.000000,0.014298,0.246612,0.326587,0.898889,0.580000,0.867000,0.722050
