Methods,Pattern Name,Imbalanced Ratio,Time Window,Abnormality Value,ARLIDX,USP,TASRID,TAR,loss,specificity,sensitivity,accuracy,geometric_mean
mixed_CS=T,cyclic,0.900000,50,0.380000,12.333333,0.000000,0.069945,0.474793,0.150168,0.774444,0.380000,0.735000,0.542484
Unlu_CS=T,cyclic,0.900000,50,0.380000,12.503333,0.000000,0.016501,0.254931,0.460420,0.850000,0.270000,0.792000,0.479062
