Methods,Pattern Name,Imbalanced Ratio,Time Window,Abnormality Value,ARLIDX,USP,TASRID,TAR,loss,specificity,sensitivity,accuracy,geometric_mean
mixed_CS=T,cyclic,0.900000,50,0.080000,6.340000,0.000000,0.028733,0.323278,0.166182,0.696667,0.390000,0.666000,0.521249
Unlu_CS=T,cyclic,0.900000,50,0.080000,4.616667,0.000000,0.050634,0.440220,0.678794,0.561111,0.460000,0.551000,0.508046
