Methods,Pattern Name,Imbalanced Ratio,Time Window,Abnormality Value,ARLIDX,USP,TASRID,TAR,loss,specificity,sensitivity,accuracy,geometric_mean
mixed_CS=T,cyclic,0.900000,80,0.605000,11.873333,0.000000,0.015510,0.358650,0.080985,0.897778,0.810000,0.889000,0.852760
Unlu_CS=T,cyclic,0.900000,80,0.605000,32.903333,0.000000,0.013802,0.241736,0.211626,0.972222,0.530000,0.928000,0.717829
