Methods,Pattern Name,Imbalanced Ratio,Time Window,Abnormality Value,ARLIDX,USP,TASRID,TAR,loss,specificity,sensitivity,accuracy,geometric_mean
mixed_CS=T,cyclic,0.900000,30,0.005000,5.833333,0.000000,0.053251,0.391515,0.169543,0.575556,0.380000,0.556000,0.467666
Unlu_CS=T,cyclic,0.900000,30,0.005000,14.800000,0.000000,0.068540,0.307135,0.685904,0.655556,0.230000,0.613000,0.388301
