Methods,Pattern Name,Imbalanced Ratio,Time Window,Abnormality Value,ARLIDX,USP,TASRID,TAR,loss,specificity,sensitivity,accuracy,geometric_mean
mixed_CS=T,cyclic,0.900000,50,0.305000,14.566667,0.000000,0.095482,0.448705,0.166000,0.654444,0.400000,0.629000,0.511642
Unlu_CS=T,cyclic,0.900000,50,0.305000,9.256667,0.000000,0.016722,0.261019,0.510971,0.816667,0.370000,0.772000,0.549697
