Methods,Pattern Name,Imbalanced Ratio,Time Window,Abnormality Value,ARLIDX,USP,TASRID,TAR,loss,specificity,sensitivity,accuracy,geometric_mean
mixed_CS=T,cyclic,0.900000,30,0.605000,9.990000,0.000000,0.134160,0.674848,0.154000,0.752222,0.640000,0.741000,0.693846
Unlu_CS=T,cyclic,0.900000,30,0.605000,12.483333,0.000000,0.016639,0.289394,0.402941,0.908889,0.230000,0.841000,0.457214
