Methods,Pattern Name,Imbalanced Ratio,Time Window,Abnormality Value,ARLIDX,USP,TASRID,TAR,loss,specificity,sensitivity,accuracy,geometric_mean
mixed_CS=T,cyclic,0.900000,50,0.455000,14.400000,0.000000,0.081763,0.554215,0.140782,0.785556,0.550000,0.762000,0.657309
Unlu_CS=T,cyclic,0.900000,50,0.455000,16.936667,0.000000,0.015069,0.227355,0.411994,0.915556,0.200000,0.844000,0.427915
