Methods,Pattern Name,Imbalanced Ratio,Time Window,Abnormality Value,ARLIDX,USP,TASRID,TAR,loss,specificity,sensitivity,accuracy,geometric_mean
mixed_CS=T,cyclic,0.900000,30,0.455000,12.860000,0.000000,0.038017,0.393994,0.152511,0.814444,0.300000,0.763000,0.494301
Unlu_CS=T,cyclic,0.900000,30,0.455000,12.113333,0.000000,0.016777,0.242176,0.460420,0.862222,0.260000,0.802000,0.473474
