Methods,Pattern Name,Imbalanced Ratio,Time Window,Abnormality Value,ARLIDX,USP,TASRID,TAR,loss,specificity,sensitivity,accuracy,geometric_mean
mixed_CS=T,cyclic,0.900000,50,0.680000,12.983333,0.000000,0.190799,0.762893,0.117156,0.857778,0.770000,0.849000,0.812705
Unlu_CS=T,cyclic,0.900000,50,0.680000,25.643333,0.000000,0.015840,0.330386,0.304582,0.968889,0.320000,0.904000,0.556816
