Methods,Pattern Name,Imbalanced Ratio,Time Window,Abnormality Value,ARLIDX,USP,TASRID,TAR,loss,specificity,sensitivity,accuracy,geometric_mean
mixed_CS=T,cyclic,0.900000,30,0.155000,6.523333,0.000000,0.064821,0.416006,0.171827,0.585556,0.470000,0.574000,0.524606
Unlu_CS=T,cyclic,0.900000,30,0.155000,4.256667,0.000000,0.039835,0.407466,0.682302,0.557778,0.390000,0.541000,0.466405
