Methods,Pattern Name,Imbalanced Ratio,Time Window,Abnormality Value,ARLIDX,USP,TASRID,TAR,loss,specificity,sensitivity,accuracy,geometric_mean
mixed_CS=T,cyclic,0.900000,30,0.380000,3.973333,0.000000,0.044904,0.552342,0.175918,0.523333,0.610000,0.532000,0.565007
Unlu_CS=T,cyclic,0.900000,30,0.380000,6.396667,0.000000,0.018926,0.289780,0.560155,0.787778,0.260000,0.735000,0.452573
