Methods,Pattern Name,Imbalanced Ratio,Time Window,Abnormality Value,ARLIDX,USP,TASRID,TAR,loss,specificity,sensitivity,accuracy,geometric_mean
mixed_CS=T,cyclic,0.900000,80,0.005000,2.980000,0.000000,0.071543,0.591102,0.177645,0.423333,0.580000,0.439000,0.495513
Unlu_CS=T,cyclic,0.900000,80,0.005000,5.926667,0.000000,0.045344,0.465289,0.684999,0.505556,0.440000,0.499000,0.471640
