Methods,Pattern Name,Imbalanced Ratio,Time Window,Abnormality Value,ARLIDX,USP,TASRID,TAR,loss,specificity,sensitivity,accuracy,geometric_mean
mixed_CS=T,cyclic,0.900000,50,0.530000,16.096667,0.000000,0.076006,0.593471,0.131254,0.862222,0.470000,0.823000,0.636588
Unlu_CS=T,cyclic,0.900000,50,0.530000,19.956667,0.000000,0.013416,0.259697,0.457721,0.915556,0.230000,0.847000,0.458888
