Methods,Pattern Name,Imbalanced Ratio,Time Window,Abnormality Value,ARLIDX,USP,TASRID,TAR,loss,specificity,sensitivity,accuracy,geometric_mean
mixed_CS=T,cyclic,0.900000,30,0.080000,9.570000,0.000000,0.078072,0.403526,0.163943,0.597778,0.420000,0.580000,0.501065
Unlu_CS=T,cyclic,0.900000,30,0.080000,5.373333,0.000000,0.055234,0.437190,0.680175,0.560000,0.530000,0.557000,0.544794
