Methods,Pattern Name,Imbalanced Ratio,Time Window,Abnormality Value,ARLIDX,USP,TASRID,TAR,loss,specificity,sensitivity,accuracy,geometric_mean
mixed_CS=T,cyclic,0.900000,50,0.005000,3.283333,0.000000,0.049862,0.531901,0.175157,0.445556,0.480000,0.449000,0.462457
Unlu_CS=T,cyclic,0.900000,50,0.005000,14.736667,0.000000,0.053884,0.236722,0.680472,0.755556,0.220000,0.702000,0.407704
