Methods,Pattern Name,Imbalanced Ratio,Time Window,Abnormality Value,ARLIDX,USP,TASRID,TAR,loss,specificity,sensitivity,accuracy,geometric_mean
mixed_CS=T,cyclic,0.900000,30,0.305000,8.023333,0.000000,0.085152,0.455152,0.168103,0.574444,0.440000,0.561000,0.502748
Unlu_CS=T,cyclic,0.900000,30,0.305000,5.773333,0.000000,0.018898,0.290771,0.568755,0.793333,0.250000,0.739000,0.445346
