Methods,Pattern Name,Imbalanced Ratio,Time Window,Abnormality Value,ARLIDX,USP,TASRID,TAR,loss,specificity,sensitivity,accuracy,geometric_mean
mixed_CS=T,cyclic,0.900000,80,0.230000,3.533333,0.000000,0.023884,0.423884,0.169880,0.606667,0.710000,0.617000,0.656303
Unlu_CS=T,cyclic,0.900000,80,0.230000,15.523490,0.006667,0.021212,0.200523,0.554643,0.830000,0.340000,0.781000,0.531225
