Methods,Pattern Name,Imbalanced Ratio,Time Window,Abnormality Value,ARLIDX,USP,TASRID,TAR,loss,specificity,sensitivity,accuracy,geometric_mean
mixed_CS=T,cyclic,0.900000,30,0.530000,12.799331,0.003333,0.099972,0.545895,0.149326,0.831111,0.460000,0.794000,0.618313
Unlu_CS=T,cyclic,0.900000,30,0.530000,8.923333,0.000000,0.016612,0.281515,0.449354,0.857778,0.280000,0.800000,0.490079
