Pattern Name,Imbalanced Ratio,Time Window,Abnormality Value,mixed_CS=T,mixed_CS=F,convn_CS=T,convn_CS=F,Detection Rates Metrics
uptrend,0.75,30,0.005,0.0,0.0,0.0,0.013333333333333334,Undetected Samples Percentage
uptrend,0.75,30,0.005,0.07495867768595042,0.021542699724517906,0.08608815426997245,0.1131404958677686,Mean True Alert Streaks from Initial Detection
uptrend,0.75,30,0.005,0.7676584022038567,0.185564738292011,0.7064187327823691,0.2702479338842975,True Alert Rate
