Methods,Pattern Name,Imbalanced Ratio,Time Window,Abnormality Value,ARLIDX,USP,TASRID,TAR,loss,specificity,sensitivity,accuracy,geometric_mean
mixed_CS=T,downshift,0.950000,30,0.905000,5.160000,0.000000,0.800937,0.957961,0.057907,0.916842,0.920000,0.917000,0.918420
Unlu_CS=T,downshift,0.950000,30,0.905000,16.606667,0.000000,0.727741,0.862562,0.106918,0.995789,0.620000,0.977000,0.785741
