Methods,Pattern Name,Imbalanced Ratio,Time Window,Abnormality Value,ARLIDX,USP,TASRID,TAR,loss,specificity,sensitivity,accuracy,geometric_mean
mixed_CS=T,downshift,0.950000,80,0.380000,13.053333,0.000000,0.485289,0.830331,0.092840,0.856842,0.860000,0.857000,0.858420
Unlu_CS=T,downshift,0.950000,80,0.380000,36.943333,0.000000,0.350579,0.659917,0.163549,0.958947,0.600000,0.941000,0.758530
