Methods,Pattern Name,Imbalanced Ratio,Time Window,Abnormality Value,ARLIDX,USP,TASRID,TAR,loss,specificity,sensitivity,accuracy,geometric_mean
mixed_CS=T,downshift,0.950000,80,1.505000,6.453333,0.000000,0.835647,0.952562,0.003538,0.998947,1.000000,0.999000,0.999474
Unlu_CS=T,downshift,0.950000,80,1.505000,56.086667,0.000000,0.533581,0.544490,0.445685,1.000000,0.420000,0.971000,0.648074
