Methods,Pattern Name,Imbalanced Ratio,Time Window,Abnormality Value,ARLIDX,USP,TASRID,TAR,loss,specificity,sensitivity,accuracy,geometric_mean
mixed_CS=T,downshift,0.950000,50,0.980000,6.723333,0.000000,0.847989,0.947493,0.021030,0.964211,0.980000,0.965000,0.972073
Unlu_CS=T,downshift,0.950000,50,0.980000,30.066667,0.000000,0.590165,0.752507,0.128810,0.998947,0.500000,0.974000,0.706735
