Methods,Pattern Name,Imbalanced Ratio,Time Window,Abnormality Value,ARLIDX,USP,TASRID,TAR,loss,specificity,sensitivity,accuracy,geometric_mean
mixed_CS=T,downshift,0.950000,80,1.280000,10.410000,0.000000,0.779725,0.919063,0.007953,1.000000,0.960000,0.998000,0.979796
Unlu_CS=T,downshift,0.950000,80,1.280000,44.706667,0.000000,0.579752,0.637548,0.246876,1.000000,0.500000,0.975000,0.707107
