Methods,Pattern Name,Imbalanced Ratio,Time Window,Abnormality Value,ARLIDX,USP,TASRID,TAR,loss,specificity,sensitivity,accuracy,geometric_mean
mixed_CS=T,downshift,0.950000,80,0.305000,15.543333,0.000000,0.416832,0.777631,0.120426,0.818947,0.800000,0.818000,0.809418
Unlu_CS=T,downshift,0.950000,80,0.305000,38.372881,0.016667,0.311295,0.592865,0.241455,0.926316,0.580000,0.909000,0.732982
