Methods,Pattern Name,Imbalanced Ratio,Time Window,Abnormality Value,ARLIDX,USP,TASRID,TAR,loss,specificity,sensitivity,accuracy,geometric_mean
mixed_CS=T,downshift,0.950000,50,0.230000,18.500000,0.000000,0.303416,0.657107,0.130705,0.788421,0.580000,0.778000,0.676228
Unlu_CS=T,downshift,0.950000,50,0.230000,24.979933,0.003333,0.298044,0.624435,0.421732,0.817895,0.600000,0.807000,0.700526
