Methods,Pattern Name,Imbalanced Ratio,Time Window,Abnormality Value,ARLIDX,USP,TASRID,TAR,loss,specificity,sensitivity,accuracy,geometric_mean
mixed_CS=T,downshift,0.950000,80,0.830000,11.783333,0.000000,0.618981,0.902727,0.007568,0.990526,0.960000,0.989000,0.975144
Unlu_CS=T,downshift,0.950000,80,0.830000,47.296667,0.000000,0.487796,0.612369,0.113981,1.000000,0.460000,0.973000,0.678233
