Methods,Pattern Name,Imbalanced Ratio,Time Window,Abnormality Value,ARLIDX,USP,TASRID,TAR,loss,specificity,sensitivity,accuracy,geometric_mean
mixed_CS=T,downshift,0.950000,50,0.080000,4.820000,0.000000,0.088292,0.548127,0.173543,0.517895,0.520000,0.518000,0.518946
Unlu_CS=T,downshift,0.950000,50,0.080000,22.573379,0.023333,0.282920,0.508182,0.645365,0.650526,0.440000,0.640000,0.535006
