Methods,Pattern Name,Imbalanced Ratio,Time Window,Abnormality Value,ARLIDX,USP,TASRID,TAR,loss,specificity,sensitivity,accuracy,geometric_mean
mixed_CS=T,downshift,0.950000,50,1.130000,6.713333,0.000000,0.860744,0.950000,0.006610,0.993684,0.960000,0.992000,0.976697
Unlu_CS=T,downshift,0.950000,50,1.130000,30.936667,0.000000,0.681846,0.751322,0.244158,1.000000,0.480000,0.974000,0.692820
