Methods,Pattern Name,Imbalanced Ratio,Time Window,Abnormality Value,ARLIDX,USP,TASRID,TAR,loss,specificity,sensitivity,accuracy,geometric_mean
mixed_CS=T,downshift,0.950000,50,1.205000,6.513333,0.000000,0.866970,0.952479,0.011773,0.990526,0.920000,0.987000,0.954612
Unlu_CS=T,downshift,0.950000,50,1.205000,28.303333,0.000000,0.732149,0.773278,0.169930,1.000000,0.480000,0.974000,0.692820
