Methods,Pattern Name,Imbalanced Ratio,Time Window,Abnormality Value,ARLIDX,USP,TASRID,TAR,loss,specificity,sensitivity,accuracy,geometric_mean
mixed_CS=T,downshift,0.950000,50,0.830000,6.620000,0.000000,0.642369,0.940716,0.042620,0.945263,0.980000,0.947000,0.962475
Unlu_CS=T,downshift,0.950000,50,0.830000,28.090000,0.000000,0.510303,0.764545,0.113016,1.000000,0.560000,0.978000,0.748331
