Methods,Pattern Name,Imbalanced Ratio,Time Window,Abnormality Value,ARLIDX,USP,TASRID,TAR,loss,specificity,sensitivity,accuracy,geometric_mean
mixed_CS=T,downshift,0.950000,50,1.430000,8.576667,0.000000,0.897851,0.936309,0.000718,1.000000,1.000000,1.000000,1.000000
Unlu_CS=T,downshift,0.950000,50,1.430000,23.140000,0.000000,0.814215,0.816997,0.205382,1.000000,0.640000,0.982000,0.800000
