Methods,Pattern Name,Imbalanced Ratio,Time Window,Abnormality Value,ARLIDX,USP,TASRID,TAR,loss,specificity,sensitivity,accuracy,geometric_mean
mixed_CS=T,downshift,0.950000,30,0.155000,8.156667,0.000000,0.214848,0.683030,0.176449,0.583158,0.560000,0.582000,0.571462
Unlu_CS=T,downshift,0.950000,30,0.155000,10.080000,0.000000,0.149091,0.628623,0.588822,0.643158,0.520000,0.637000,0.578310
