Methods,Pattern Name,Imbalanced Ratio,Time Window,Abnormality Value,ARLIDX,USP,TASRID,TAR,loss,specificity,sensitivity,accuracy,geometric_mean
mixed_CS=T,downshift,0.950000,50,0.905000,6.703333,0.000000,0.725096,0.945565,0.033764,0.951579,0.920000,0.950000,0.935656
Unlu_CS=T,downshift,0.950000,50,0.905000,27.126667,0.000000,0.684242,0.781157,0.135252,0.997895,0.600000,0.978000,0.773781
