Methods,Pattern Name,Imbalanced Ratio,Time Window,Abnormality Value,ARLIDX,USP,TASRID,TAR,loss,specificity,sensitivity,accuracy,geometric_mean
mixed_CS=T,downshift,0.950000,30,1.280000,4.093333,0.000000,0.900992,0.972369,0.020056,0.968421,0.980000,0.969000,0.974193
Unlu_CS=T,downshift,0.950000,30,1.280000,16.986667,0.000000,0.821074,0.866556,0.186156,1.000000,0.480000,0.974000,0.692820
