Methods,Pattern Name,Imbalanced Ratio,Time Window,Abnormality Value,ARLIDX,USP,TASRID,TAR,loss,specificity,sensitivity,accuracy,geometric_mean
mixed_CS=T,downshift,0.950000,80,1.430000,7.683333,0.000000,0.925923,0.944518,0.005324,0.996842,1.000000,0.997000,0.998420
Unlu_CS=T,downshift,0.950000,80,1.430000,59.950000,0.000000,0.473278,0.511460,0.317196,1.000000,0.340000,0.967000,0.583095
