Methods,Pattern Name,Imbalanced Ratio,Time Window,Abnormality Value,ARLIDX,USP,TASRID,TAR,loss,specificity,sensitivity,accuracy,geometric_mean
mixed_CS=T,downshift,0.950000,30,0.230000,12.163333,0.000000,0.143361,0.657576,0.133620,0.753684,0.600000,0.746000,0.672466
Unlu_CS=T,downshift,0.950000,30,0.230000,11.300000,0.000000,0.125482,0.662452,0.530386,0.745263,0.620000,0.739000,0.679752
