Methods,Pattern Name,Imbalanced Ratio,Time Window,Abnormality Value,ARLIDX,USP,TASRID,TAR,loss,specificity,sensitivity,accuracy,geometric_mean
mixed_CS=T,downshift,0.950000,80,0.455000,12.096667,0.000000,0.458044,0.866281,0.105520,0.866316,0.880000,0.867000,0.873131
Unlu_CS=T,downshift,0.950000,80,0.455000,40.678930,0.003333,0.482948,0.646639,0.129662,0.978947,0.580000,0.959000,0.753518
