Methods,Pattern Name,Imbalanced Ratio,Time Window,Abnormality Value,ARLIDX,USP,TASRID,TAR,loss,specificity,sensitivity,accuracy,geometric_mean
mixed_CS=T,downshift,0.950000,80,0.080000,18.550676,0.013333,0.205041,0.583747,0.171005,0.576842,0.480000,0.572000,0.526198
Unlu_CS=T,downshift,0.950000,80,0.080000,21.623693,0.043333,0.204821,0.521736,0.592776,0.657895,0.420000,0.646000,0.525657
