Methods,Pattern Name,Imbalanced Ratio,Time Window,Abnormality Value,ARLIDX,USP,TASRID,TAR,loss,specificity,sensitivity,accuracy,geometric_mean
mixed_CS=T,downshift,0.950000,30,0.980000,6.526667,0.000000,0.747769,0.942755,0.033462,0.975789,0.780000,0.966000,0.872419
Unlu_CS=T,downshift,0.950000,30,0.980000,15.123333,0.000000,0.736584,0.877796,0.134198,0.995789,0.520000,0.972000,0.719591
