Methods,Pattern Name,Imbalanced Ratio,Time Window,Abnormality Value,ARLIDX,USP,TASRID,TAR,loss,specificity,sensitivity,accuracy,geometric_mean
mixed_CS=T,downshift,0.950000,30,1.580000,4.993333,0.000000,0.929091,0.966419,0.006139,0.994737,0.960000,0.993000,0.977214
Unlu_CS=T,downshift,0.950000,30,1.580000,16.216667,0.000000,0.865372,0.874160,0.203678,1.000000,0.560000,0.978000,0.748331
