Methods,Pattern Name,Imbalanced Ratio,Time Window,Abnormality Value,ARLIDX,USP,TASRID,TAR,loss,specificity,sensitivity,accuracy,geometric_mean
mixed_CS=T,downshift,0.950000,80,0.755000,14.600000,0.000000,0.689835,0.872369,0.018068,0.981053,0.940000,0.979000,0.960307
Unlu_CS=T,downshift,0.950000,80,0.755000,44.350000,0.000000,0.611212,0.640771,0.088345,1.000000,0.520000,0.976000,0.721110
