Methods,Pattern Name,Imbalanced Ratio,Time Window,Abnormality Value,ARLIDX,USP,TASRID,TAR,loss,specificity,sensitivity,accuracy,geometric_mean
mixed_CS=T,downshift,0.950000,50,0.455000,10.786667,0.000000,0.500992,0.861791,0.082416,0.866316,0.760000,0.861000,0.811419
Unlu_CS=T,downshift,0.950000,50,0.455000,27.120000,0.000000,0.391240,0.720441,0.160076,0.973684,0.560000,0.953000,0.738419
