Methods,Pattern Name,Imbalanced Ratio,Time Window,Abnormality Value,ARLIDX,USP,TASRID,TAR,loss,specificity,sensitivity,accuracy,geometric_mean
mixed_CS=T,downshift,0.950000,30,0.680000,5.423333,0.000000,0.460110,0.921157,0.062552,0.902105,0.820000,0.898000,0.860073
Unlu_CS=T,downshift,0.950000,30,0.680000,15.486667,0.000000,0.573912,0.846364,0.165624,0.966316,0.620000,0.949000,0.774026
