Methods,Pattern Name,Imbalanced Ratio,Time Window,Abnormality Value,ARLIDX,USP,TASRID,TAR,loss,specificity,sensitivity,accuracy,geometric_mean
mixed_CS=T,downshift,0.950000,30,0.530000,5.953333,0.000000,0.395620,0.896226,0.096914,0.830526,0.720000,0.825000,0.773291
Unlu_CS=T,downshift,0.950000,30,0.530000,14.866667,0.000000,0.441102,0.814435,0.233011,0.931579,0.500000,0.910000,0.682488
