Methods,Pattern Name,Imbalanced Ratio,Time Window,Abnormality Value,ARLIDX,USP,TASRID,TAR,loss,specificity,sensitivity,accuracy,geometric_mean
mixed_CS=T,downshift,0.950000,30,1.130000,5.000000,0.000000,0.905262,0.965399,0.022607,0.958947,0.920000,0.957000,0.939272
Unlu_CS=T,downshift,0.950000,30,1.130000,16.850000,0.000000,0.776970,0.866777,0.122988,0.997895,0.540000,0.975000,0.734073
