Methods,Pattern Name,Imbalanced Ratio,Time Window,Abnormality Value,ARLIDX,USP,TASRID,TAR,loss,specificity,sensitivity,accuracy,geometric_mean
mixed_CS=T,downshift,0.950000,50,0.755000,6.946667,0.000000,0.690386,0.939669,0.044080,0.922105,0.920000,0.922000,0.921052
Unlu_CS=T,downshift,0.950000,50,0.755000,28.290000,0.000000,0.601460,0.765620,0.118616,0.997895,0.500000,0.973000,0.706362
