Methods,Pattern Name,Imbalanced Ratio,Time Window,Abnormality Value,ARLIDX,USP,TASRID,TAR,loss,specificity,sensitivity,accuracy,geometric_mean
mixed_CS=T,downshift,0.950000,30,1.505000,3.756667,0.000000,0.904904,0.975978,0.012793,0.982105,0.940000,0.980000,0.960822
Unlu_CS=T,downshift,0.950000,30,1.505000,16.663333,0.000000,0.846749,0.869917,0.157106,1.000000,0.560000,0.978000,0.748331
