Methods,Pattern Name,Imbalanced Ratio,Time Window,Abnormality Value,ARLIDX,USP,TASRID,TAR,loss,specificity,sensitivity,accuracy,geometric_mean
mixed_CS=T,downshift,0.950000,30,1.355000,4.123333,0.000000,0.857273,0.970854,0.014263,0.980000,0.940000,0.978000,0.959792
Unlu_CS=T,downshift,0.950000,30,1.355000,18.496667,0.000000,0.810193,0.853554,0.240990,1.000000,0.500000,0.975000,0.707107
