Methods,Pattern Name,Imbalanced Ratio,Time Window,Abnormality Value,ARLIDX,USP,TASRID,TAR,loss,specificity,sensitivity,accuracy,geometric_mean
mixed_CS=T,downshift,0.950000,50,0.605000,8.250000,0.000000,0.631818,0.920055,0.075822,0.888421,0.900000,0.889000,0.894192
Unlu_CS=T,downshift,0.950000,50,0.605000,24.683333,0.000000,0.456997,0.776584,0.125409,0.984211,0.600000,0.965000,0.768457
