Methods,Pattern Name,Imbalanced Ratio,Time Window,Abnormality Value,ARLIDX,USP,TASRID,TAR,loss,specificity,sensitivity,accuracy,geometric_mean
mixed_CS=T,downshift,0.950000,30,0.305000,7.636667,0.000000,0.336198,0.794160,0.149039,0.665263,0.760000,0.670000,0.711056
Unlu_CS=T,downshift,0.950000,30,0.305000,16.296667,0.000000,0.253444,0.674628,0.419500,0.811579,0.380000,0.790000,0.555338
