Methods,Pattern Name,Imbalanced Ratio,Time Window,Abnormality Value,ARLIDX,USP,TASRID,TAR,loss,specificity,sensitivity,accuracy,geometric_mean
mixed_CS=T,downshift,0.950000,80,0.980000,11.436667,0.000000,0.829504,0.908898,0.015095,0.986316,1.000000,0.987000,0.993134
Unlu_CS=T,downshift,0.950000,80,0.980000,47.606667,0.000000,0.551488,0.611653,0.195274,1.000000,0.500000,0.975000,0.707107
