Methods,Pattern Name,Imbalanced Ratio,Time Window,Abnormality Value,ARLIDX,USP,TASRID,TAR,loss,specificity,sensitivity,accuracy,geometric_mean
mixed_CS=T,downshift,0.950000,80,0.230000,16.550000,0.000000,0.179311,0.631873,0.137468,0.753684,0.500000,0.741000,0.613875
Unlu_CS=T,downshift,0.950000,80,0.230000,36.914676,0.023333,0.296446,0.575234,0.347455,0.883158,0.400000,0.859000,0.594359
