Methods,Pattern Name,Imbalanced Ratio,Time Window,Abnormality Value,ARLIDX,USP,TASRID,TAR,loss,specificity,sensitivity,accuracy,geometric_mean
mixed_CS=T,downshift,0.950000,80,1.205000,9.940000,0.000000,0.852507,0.924242,0.008016,0.996842,1.000000,0.997000,0.998420
Unlu_CS=T,downshift,0.950000,80,1.205000,53.853333,0.000000,0.534408,0.562231,0.388866,1.000000,0.460000,0.973000,0.678233
