Methods,Pattern Name,Imbalanced Ratio,Time Window,Abnormality Value,ARLIDX,USP,TASRID,TAR,loss,specificity,sensitivity,accuracy,geometric_mean
mixed_CS=T,downshift,0.950000,80,0.680000,11.510000,0.000000,0.266116,0.855537,0.021979,0.975789,0.900000,0.972000,0.937129
Unlu_CS=T,downshift,0.950000,80,0.680000,51.863333,0.000000,0.484793,0.573388,0.174830,1.000000,0.440000,0.972000,0.663325
