Methods,Pattern Name,Imbalanced Ratio,Time Window,Abnormality Value,ARLIDX,USP,TASRID,TAR,loss,specificity,sensitivity,accuracy,geometric_mean
mixed_CS=T,downshift,0.950000,50,1.355000,6.050000,0.000000,0.840992,0.955730,0.003044,0.996842,1.000000,0.997000,0.998420
Unlu_CS=T,downshift,0.950000,50,1.355000,28.680000,0.000000,0.763140,0.771129,0.302197,1.000000,0.560000,0.978000,0.748331
