Methods,Pattern Name,Imbalanced Ratio,Time Window,Abnormality Value,ARLIDX,USP,TASRID,TAR,loss,specificity,sensitivity,accuracy,geometric_mean
mixed_CS=T,downshift,0.950000,80,1.355000,6.663333,0.000000,0.498237,0.940358,0.005509,0.992632,1.000000,0.993000,0.996309
Unlu_CS=T,downshift,0.950000,80,1.355000,59.590000,0.000000,0.499366,0.515510,0.333329,1.000000,0.360000,0.968000,0.600000
