Methods,Pattern Name,Imbalanced Ratio,Time Window,Abnormality Value,ARLIDX,USP,TASRID,TAR,loss,specificity,sensitivity,accuracy,geometric_mean
mixed_CS=T,downshift,0.950000,30,0.005000,5.666667,0.000000,0.059339,0.475647,0.176610,0.493684,0.460000,0.492000,0.476545
Unlu_CS=T,downshift,0.950000,30,0.005000,13.936455,0.003333,0.070937,0.309835,0.678789,0.692632,0.320000,0.674000,0.470789
