Methods,Pattern Name,Imbalanced Ratio,Time Window,Abnormality Value,ARLIDX,USP,TASRID,TAR,loss,specificity,sensitivity,accuracy,geometric_mean
mixed_CS=T,downshift,0.950000,30,1.055000,4.980000,0.000000,0.662865,0.948843,0.021919,0.972632,0.900000,0.969000,0.935611
Unlu_CS=T,downshift,0.950000,30,1.055000,15.476667,0.000000,0.734683,0.875262,0.102784,0.995789,0.580000,0.975000,0.759972
