Methods,Pattern Name,Imbalanced Ratio,Time Window,Abnormality Value,ARLIDX,USP,TASRID,TAR,loss,specificity,sensitivity,accuracy,geometric_mean
mixed_CS=T,downshift,0.950000,50,0.680000,8.596667,0.000000,0.546722,0.901460,0.045760,0.958947,0.820000,0.952000,0.886756
Unlu_CS=T,downshift,0.950000,50,0.680000,22.996667,0.000000,0.557273,0.797631,0.096196,0.991579,0.680000,0.976000,0.821142
