Methods,Pattern Name,Imbalanced Ratio,Time Window,Abnormality Value,ARLIDX,USP,TASRID,TAR,loss,specificity,sensitivity,accuracy,geometric_mean
mixed_CS=T,downshift,0.950000,80,0.530000,12.573333,0.000000,0.349063,0.856364,0.046803,0.931579,0.920000,0.931000,0.925771
Unlu_CS=T,downshift,0.950000,80,0.530000,41.870000,0.000000,0.412865,0.639311,0.096481,0.989474,0.680000,0.974000,0.820270
