Methods,Pattern Name,Imbalanced Ratio,Time Window,Abnormality Value,ARLIDX,USP,TASRID,TAR,loss,specificity,sensitivity,accuracy,geometric_mean
mixed_CS=T,downshift,0.950000,50,0.005000,6.983333,0.000000,0.054270,0.437273,0.174379,0.571579,0.420000,0.564000,0.489962
Unlu_CS=T,downshift,0.950000,50,0.005000,7.306667,0.000000,0.099311,0.509256,0.658626,0.503158,0.600000,0.508000,0.549450
