Methods,Pattern Name,Imbalanced Ratio,Time Window,Abnormality Value,ARLIDX,USP,TASRID,TAR,loss,specificity,sensitivity,accuracy,geometric_mean
mixed_CS=T,downshift,0.950000,30,0.830000,6.033333,0.000000,0.707658,0.947493,0.053586,0.912632,0.900000,0.912000,0.906294
Unlu_CS=T,downshift,0.950000,30,0.830000,17.846667,0.000000,0.663058,0.841185,0.120820,0.992632,0.560000,0.971000,0.745569
