Methods,Pattern Name,Imbalanced Ratio,Time Window,Abnormality Value,ARLIDX,USP,TASRID,TAR,loss,specificity,sensitivity,accuracy,geometric_mean
mixed_CS=T,downshift,0.950000,80,1.580000,9.560000,0.000000,0.920000,0.929036,0.000003,1.000000,1.000000,1.000000,1.000000
Unlu_CS=T,downshift,0.950000,80,1.580000,46.953333,0.000000,0.620220,0.620220,0.305114,1.000000,0.500000,0.975000,0.707107
