Methods,Pattern Name,Imbalanced Ratio,Time Window,Abnormality Value,ARLIDX,USP,TASRID,TAR,loss,specificity,sensitivity,accuracy,geometric_mean
mixed_CS=T,downshift,0.950000,80,0.605000,13.176667,0.000000,0.561185,0.851625,0.042601,0.962105,0.840000,0.956000,0.898982
Unlu_CS=T,downshift,0.950000,80,0.605000,39.323333,0.000000,0.536556,0.673306,0.086681,0.996842,0.660000,0.980000,0.811120
