Methods,Pattern Name,Imbalanced Ratio,Time Window,Abnormality Value,ARLIDX,USP,TASRID,TAR,loss,specificity,sensitivity,accuracy,geometric_mean
mixed_CS=T,downshift,0.950000,30,0.605000,8.570000,0.000000,0.447163,0.865730,0.087573,0.895789,0.760000,0.889000,0.825106
Unlu_CS=T,downshift,0.950000,30,0.605000,15.380000,0.000000,0.424463,0.810110,0.175805,0.952632,0.580000,0.934000,0.743321
