Methods,Pattern Name,Imbalanced Ratio,Time Window,Abnormality Value,ARLIDX,USP,TASRID,TAR,loss,specificity,sensitivity,accuracy,geometric_mean
mixed_CS=T,downshift,0.950000,80,0.155000,23.417508,0.010000,0.448017,0.655207,0.145975,0.676842,0.540000,0.670000,0.604562
Unlu_CS=T,downshift,0.950000,80,0.155000,31.635417,0.040000,0.358402,0.568072,0.467684,0.769474,0.480000,0.755000,0.607740
