Methods,Pattern Name,Imbalanced Ratio,Time Window,Abnormality Value,ARLIDX,USP,TASRID,TAR,loss,specificity,sensitivity,accuracy,geometric_mean
mixed_CS=T,downshift,0.950000,50,0.380000,16.770000,0.000000,0.221625,0.702590,0.077784,0.912632,0.720000,0.903000,0.810614
Unlu_CS=T,downshift,0.950000,50,0.380000,23.396667,0.000000,0.432975,0.732865,0.256822,0.898947,0.640000,0.886000,0.758503
