Methods,Pattern Name,Imbalanced Ratio,Time Window,Abnormality Value,ARLIDX,USP,TASRID,TAR,loss,specificity,sensitivity,accuracy,geometric_mean
mixed_CS=T,downshift,0.950000,50,1.055000,5.300000,0.000000,0.882314,0.962755,0.022423,0.940000,1.000000,0.943000,0.969536
Unlu_CS=T,downshift,0.950000,50,1.055000,31.060000,0.000000,0.714408,0.750110,0.192541,1.000000,0.460000,0.973000,0.678233
