Pattern Name,Imbalanced Ratio,Time Window,Abnormality Value,mixed_CS=T,mixed_CS=F,convn_CS=T,convn_CS=F,Detection Rates Metrics
upshift,0.5,80,0.08,0.0,0.0,0.006666666666666667,0.02666666666666667,Undetected Samples Percentage
upshift,0.5,80,0.08,0.11484848484848484,0.14358126721763084,0.0890082644628099,0.20206611570247934,Mean True Alert Streaks from Initial Detection
upshift,0.5,80,0.08,0.5694490358126721,0.6012396694214877,0.5460881542699725,0.5522589531680441,True Alert Rate
