Pattern Name,Imbalanced Ratio,Time Window,Abnormality Value,mixed_CS=T,mixed_CS=F,convn_CS=T,convn_CS=F,Detection Rates Metrics
upshift,0.5,80,0.38,0.0,0.0,0.0,0.006666666666666667,Undetected Samples Percentage
upshift,0.5,80,0.38,0.45796143250688714,0.39972451790633606,0.3071900826446281,0.28939393939393937,Mean True Alert Streaks from Initial Detection
upshift,0.5,80,0.38,0.828099173553719,0.7904683195592287,0.6471074380165289,0.652258953168044,True Alert Rate
