Pattern Name,Imbalanced Ratio,Time Window,Abnormality Value,mixed_CS=T,mixed_CS=F,convn_CS=T,convn_CS=F,Detection Rates Metrics
upshift,0.5,80,0.305,0.0,0.0,0.016666666666666666,0.01,Undetected Samples Percentage
upshift,0.5,80,0.305,0.5468595041322315,0.47002754820936643,0.3214876033057852,0.3131404958677686,Mean True Alert Streaks from Initial Detection
upshift,0.5,80,0.305,0.8127823691460055,0.8316528925619835,0.6142424242424243,0.6414325068870523,True Alert Rate
