Pattern Name,Imbalanced Ratio,Time Window,Abnormality Value,mixed_CS=T,mixed_CS=F,convn_CS=T,convn_CS=F,Detection Rates Metrics
upshift,0.75,50,0.23,0.0,0.05,0.006666666666666667,0.02666666666666667,Undetected Samples Percentage
upshift,0.75,50,0.23,0.2515426997245179,0.21622589531680436,0.307465564738292,0.18201101928374655,Mean True Alert Streaks from Initial Detection
upshift,0.75,50,0.23,0.6905785123966942,0.39523415977961435,0.6697245179063361,0.5266115702479339,True Alert Rate
