Pattern Name,Imbalanced Ratio,Time Window,Abnormality Value,mixed_CS=T,mixed_CS=F,convn_CS=T,convn_CS=F,Detection Rates Metrics
upshift,0.75,80,0.23,0.0,0.016666666666666666,0.03333333333333333,0.02666666666666667,Undetected Samples Percentage
upshift,0.75,80,0.23,0.251404958677686,0.26517906336088154,0.28493112947658406,0.2091184573002755,Mean True Alert Streaks from Initial Detection
upshift,0.75,80,0.23,0.6845179063360881,0.562038567493113,0.5737741046831956,0.5589256198347108,True Alert Rate
