Pattern Name,Imbalanced Ratio,Time Window,Abnormality Value,mixed_CS=T,mixed_CS=F,convn_CS=T,convn_CS=F,Detection Rates Metrics
upshift,0.75,30,0.005,0.0,0.0,0.0,0.0,Undetected Samples Percentage
upshift,0.75,30,0.005,0.052727272727272734,0.016859504132231404,0.04892561983471075,0.017327823691460055,Mean True Alert Streaks from Initial Detection
upshift,0.75,30,0.005,0.4662258953168044,0.18804407713498622,0.47253443526170796,0.19641873278236915,True Alert Rate
