Pattern Name,Imbalanced Ratio,Time Window,Abnormality Value,mixed_CS=T,mixed_CS=F,convn_CS=T,convn_CS=F,Detection Rates Metrics
upshift,0.75,80,0.305,0.0,0.0033333333333333335,0.006666666666666667,0.006666666666666667,Undetected Samples Percentage
upshift,0.75,80,0.305,0.4040495867768595,0.30730027548209365,0.266198347107438,0.21630853994490362,Mean True Alert Streaks from Initial Detection
upshift,0.75,80,0.305,0.7896969696969697,0.6913774104683196,0.6169421487603306,0.5678512396694215,True Alert Rate
