Pattern Name,Imbalanced Ratio,Time Window,Abnormality Value,mixed_CS=T,mixed_CS=F,convn_CS=T,convn_CS=F,Detection Rates Metrics
upshift,0.75,80,0.005,0.0,0.0,0.0,0.0,Undetected Samples Percentage
upshift,0.75,80,0.005,0.03707988980716254,0.018787878787878787,0.03198347107438016,0.019063360881542698,Mean True Alert Streaks from Initial Detection
upshift,0.75,80,0.005,0.46732782369146003,0.20537190082644627,0.4274931129476584,0.14479338842975206,True Alert Rate
