Pattern Name,Imbalanced Ratio,Time Window,Abnormality Value,mixed_CS=T,mixed_CS=F,convn_CS=T,convn_CS=F,Detection Rates Metrics
upshift,0.75,30,0.08,0.0,0.0,0.0,0.0,Undetected Samples Percentage
upshift,0.75,30,0.08,0.055537190082644634,0.018374655647382918,0.14206611570247935,0.01815426997245179,Mean True Alert Streaks from Initial Detection
upshift,0.75,30,0.08,0.5293112947658403,0.23647382920110194,0.5616804407713498,0.21958677685950415,True Alert Rate
