Pattern Name,Imbalanced Ratio,Time Window,Abnormality Value,mixed_CS=T,mixed_CS=F,convn_CS=T,convn_CS=F,Detection Rates Metrics
upshift,0.95,80,0.155,0.0,0.15333333333333332,0.0033333333333333335,0.10333333333333333,Undetected Samples Percentage
upshift,0.95,80,0.155,0.17294765840220386,0.013553719008264463,0.10231404958677685,0.021212121212121213,Mean True Alert Streaks from Initial Detection
upshift,0.95,80,0.155,0.626198347107438,0.061046831955922864,0.5404132231404959,0.12641873278236915,True Alert Rate
