Pattern Name,Imbalanced Ratio,Time Window,Abnormality Value,mixed_CS=T,mixed_CS=F,convn_CS=T,convn_CS=F,Detection Rates Metrics
upshift,0.95,80,0.455,0.0,0.0,0.0,0.006666666666666667,Undetected Samples Percentage
upshift,0.95,80,0.455,0.543939393939394,0.2937190082644628,0.28512396694214875,0.18052341597796143,Mean True Alert Streaks from Initial Detection
upshift,0.95,80,0.455,0.8882093663911845,0.6770798898071625,0.6653994490358127,0.5225068870523416,True Alert Rate
