Pattern Name,Imbalanced Ratio,Time Window,Abnormality Value,mixed_CS=T,mixed_CS=F,convn_CS=T,convn_CS=F,Detection Rates Metrics
upshift,0.95,30,0.155,0.0,0.016666666666666666,0.0,0.043333333333333335,Undetected Samples Percentage
upshift,0.95,30,0.155,0.07586776859504131,0.015922865013774105,0.04046831955922865,0.016418732782369147,Mean True Alert Streaks from Initial Detection
upshift,0.95,30,0.155,0.6477961432506887,0.07415977961432507,0.5463085399449036,0.07349862258953169,True Alert Rate
