Pattern Name,Imbalanced Ratio,Time Window,Abnormality Value,mixed_CS=T,mixed_CS=F,convn_CS=T,convn_CS=F,Detection Rates Metrics
upshift,0.95,80,0.305,0.0,0.03666666666666667,0.006666666666666667,0.03,Undetected Samples Percentage
upshift,0.95,80,0.305,0.26440771349862263,0.29837465564738297,0.3424793388429752,0.051515151515151514,Mean True Alert Streaks from Initial Detection
upshift,0.95,80,0.305,0.7871349862258953,0.4709090909090909,0.6592561983471075,0.43641873278236915,True Alert Rate
