Pattern Name,Imbalanced Ratio,Time Window,Abnormality Value,mixed_CS=T,mixed_CS=F,convn_CS=T,convn_CS=F,Detection Rates Metrics
upshift,0.95,80,0.005,0.0,0.28,0.0,0.17666666666666667,Undetected Samples Percentage
upshift,0.95,80,0.005,0.018264462809917354,0.0072176308539944915,0.07663911845730029,0.009917355371900825,Mean True Alert Streaks from Initial Detection
upshift,0.95,80,0.005,0.3680440771349862,0.01490358126721763,0.5395041322314049,0.021074380165289255,True Alert Rate
