Pattern Name,Imbalanced Ratio,Time Window,Abnormality Value,mixed_CS=T,mixed_CS=F,convn_CS=T,convn_CS=F,Detection Rates Metrics
upshift,0.9,30,0.23,0.0,0.0,0.0,0.03333333333333333,Undetected Samples Percentage
upshift,0.9,30,0.23,0.07716253443526169,0.01647382920110193,0.18388429752066116,0.04785123966942149,Mean True Alert Streaks from Initial Detection
upshift,0.9,30,0.23,0.6983746556473829,0.18677685950413223,0.7112396694214876,0.21878787878787878,True Alert Rate
