Pattern Name,Imbalanced Ratio,Time Window,Abnormality Value,mixed_CS=T,mixed_CS=F,convn_CS=T,convn_CS=F,Detection Rates Metrics
upshift,0.9,30,0.155,0.0,0.0,0.0,0.006666666666666667,Undetected Samples Percentage
upshift,0.9,30,0.155,0.14887052341597798,0.014820936639118458,0.08024793388429752,0.016639118457300275,Mean True Alert Streaks from Initial Detection
upshift,0.9,30,0.155,0.7128374655647383,0.13831955922865014,0.49074380165289255,0.1309641873278237,True Alert Rate
