Pattern Name,Imbalanced Ratio,Time Window,Abnormality Value,mixed_CS=T,mixed_CS=F,convn_CS=T,convn_CS=F,Detection Rates Metrics
upshift,0.9,80,0.155,0.0033333333333333335,0.043333333333333335,0.02,0.14666666666666667,Undetected Samples Percentage
upshift,0.9,80,0.155,0.35358126721763083,0.024104683195592287,0.2769421487603306,0.05798898071625344,Mean True Alert Streaks from Initial Detection
upshift,0.9,80,0.155,0.7165840220385675,0.132534435261708,0.5292011019283747,0.23104683195592288,True Alert Rate
