Pattern Name,Imbalanced Ratio,Time Window,Abnormality Value,mixed_CS=T,mixed_CS=F,convn_CS=T,convn_CS=F,Detection Rates Metrics
upshift,0.9,30,0.305,0.0,0.006666666666666667,0.0,0.0033333333333333335,Undetected Samples Percentage
upshift,0.9,30,0.305,0.2597796143250689,0.0337465564738292,0.3109090909090909,0.09955922865013773,Mean True Alert Streaks from Initial Detection
upshift,0.9,30,0.305,0.7858677685950414,0.2864187327823691,0.7434710743801652,0.36933884297520664,True Alert Rate
