Pattern Name,Imbalanced Ratio,Time Window,Abnormality Value,mixed_CS=T,mixed_CS=F,convn_CS=T,convn_CS=F,Detection Rates Metrics
upshift,0.9,80,0.08,0.0,0.04666666666666667,0.03666666666666667,0.09333333333333334,Undetected Samples Percentage
upshift,0.9,80,0.08,0.0631404958677686,0.01889807162534435,0.24264462809917356,0.01137741046831956,Mean True Alert Streaks from Initial Detection
upshift,0.9,80,0.08,0.5582093663911846,0.07457300275482094,0.5118181818181818,0.058209366391184576,True Alert Rate
