Pattern Name,Imbalanced Ratio,Time Window,Abnormality Value,mixed_CS=T,mixed_CS=F,convn_CS=T,convn_CS=F,Detection Rates Metrics
upshift,0.9,80,0.23,0.0,0.06333333333333334,0.016666666666666666,0.03666666666666667,Undetected Samples Percentage
upshift,0.9,80,0.23,0.3417079889807163,0.1944628099173554,0.3384573002754821,0.2561432506887053,Mean True Alert Streaks from Initial Detection
upshift,0.9,80,0.23,0.7790082644628099,0.39198347107438014,0.64,0.4440220385674931,True Alert Rate
