Pattern Name,Imbalanced Ratio,Time Window,Abnormality Value,mixed_CS=T,mixed_CS=F,convn_CS=T,convn_CS=F,Detection Rates Metrics
upshift,0.9,50,0.38,0.0,0.03666666666666667,0.0,0.0,Undetected Samples Percentage
upshift,0.9,50,0.38,0.5337741046831955,0.21041322314049585,0.15768595041322314,0.2576584022038567,Mean True Alert Streaks from Initial Detection
upshift,0.9,50,0.38,0.8238567493112947,0.40884297520661156,0.7241046831955923,0.6314876033057851,True Alert Rate
