Pattern Name,Imbalanced Ratio,Time Window,Abnormality Value,mixed_CS=T,mixed_CS=F,convn_CS=T,convn_CS=F,Detection Rates Metrics
upshift,0.9,80,0.68,0.0,0.0,0.0033333333333333335,0.0033333333333333335,Undetected Samples Percentage
upshift,0.9,80,0.68,0.6812672176308541,0.6828925619834711,0.40743801652892564,0.4345454545454545,Mean True Alert Streaks from Initial Detection
upshift,0.9,80,0.68,0.9107713498622589,0.8700550964187328,0.5413223140495868,0.5377134986225895,True Alert Rate
