Methods,Pattern Name,Imbalanced Ratio,Time Window,Abnormality Value,ARLIDX,USP,TASRID,TAR,loss,specificity,sensitivity,accuracy,geometric_mean
mixed_CS=T,upshift,0.950000,80,1.355000,11.973333,0.000000,0.690579,0.905840,0.003203,1.000000,0.980000,0.999000,0.989950
Unlu_CS=T,upshift,0.950000,80,1.355000,36.016667,0.000000,0.643278,0.708898,0.255630,1.000000,0.660000,0.983000,0.812404
