Methods,Pattern Name,Imbalanced Ratio,Time Window,Abnormality Value,ARLIDX,USP,TASRID,TAR,loss,specificity,sensitivity,accuracy,geometric_mean
mixed_CS=T,upshift,0.950000,50,1.055000,7.876667,0.000000,0.826474,0.940413,0.011487,0.988421,0.960000,0.987000,0.974107
Unlu_CS=T,upshift,0.950000,50,1.055000,28.133333,0.000000,0.703168,0.774270,0.187460,1.000000,0.560000,0.978000,0.748331
