Methods,Pattern Name,Imbalanced Ratio,Time Window,Abnormality Value,ARLIDX,USP,TASRID,TAR,loss,specificity,sensitivity,accuracy,geometric_mean
mixed_CS=T,upshift,0.950000,30,1.130000,4.733333,0.000000,0.788320,0.963747,0.036296,0.963158,0.940000,0.962000,0.951508
Unlu_CS=T,upshift,0.950000,30,1.130000,17.356667,0.000000,0.784793,0.862975,0.130015,1.000000,0.540000,0.977000,0.734847
