Methods,Pattern Name,Imbalanced Ratio,Time Window,Abnormality Value,ARLIDX,USP,TASRID,TAR,loss,specificity,sensitivity,accuracy,geometric_mean
mixed_CS=T,upshift,0.950000,30,0.755000,8.106667,0.000000,0.605427,0.914050,0.043357,0.949474,0.760000,0.940000,0.849470
Unlu_CS=T,upshift,0.950000,30,0.755000,15.210000,0.000000,0.708044,0.862039,0.100237,0.989474,0.560000,0.968000,0.744383
