Methods,Pattern Name,Imbalanced Ratio,Time Window,Abnormality Value,ARLIDX,USP,TASRID,TAR,loss,specificity,sensitivity,accuracy,geometric_mean
mixed_CS=T,upshift,0.950000,30,0.980000,4.086667,0.000000,0.811818,0.968650,0.047408,0.929474,1.000000,0.933000,0.964092
Unlu_CS=T,upshift,0.950000,30,0.980000,14.833333,0.000000,0.737466,0.878375,0.096020,0.995789,0.580000,0.975000,0.759972
