Methods,Pattern Name,Imbalanced Ratio,Time Window,Abnormality Value,ARLIDX,USP,TASRID,TAR,loss,specificity,sensitivity,accuracy,geometric_mean
mixed_CS=T,upshift,0.950000,80,1.430000,8.383333,0.000000,0.905647,0.938540,0.001108,0.997895,1.000000,0.998000,0.998947
Unlu_CS=T,upshift,0.950000,80,1.430000,52.383333,0.000000,0.575344,0.575344,0.282838,1.000000,0.420000,0.971000,0.648074
