Methods,Pattern Name,Imbalanced Ratio,Time Window,Abnormality Value,ARLIDX,USP,TASRID,TAR,loss,specificity,sensitivity,accuracy,geometric_mean
mixed_CS=T,upshift,0.950000,30,1.355000,5.216667,0.000000,0.694683,0.956253,0.014360,0.992632,0.900000,0.988000,0.945182
Unlu_CS=T,upshift,0.950000,30,1.355000,15.816667,0.000000,0.850882,0.877245,0.149166,1.000000,0.520000,0.976000,0.721110
