Methods,Pattern Name,Imbalanced Ratio,Time Window,Abnormality Value,ARLIDX,USP,TASRID,TAR,loss,specificity,sensitivity,accuracy,geometric_mean
mixed_CS=T,upshift,0.950000,80,1.280000,7.870000,0.000000,0.903471,0.942204,0.006049,0.994737,1.000000,0.995000,0.997365
Unlu_CS=T,upshift,0.950000,80,1.280000,49.020000,0.000000,0.559201,0.601460,0.315983,1.000000,0.500000,0.975000,0.707107
