Methods,Pattern Name,Imbalanced Ratio,Time Window,Abnormality Value,ARLIDX,USP,TASRID,TAR,loss,specificity,sensitivity,accuracy,geometric_mean
mixed_CS=T,upshift,0.950000,30,1.205000,5.560000,0.000000,0.830661,0.959835,0.017166,0.983158,0.900000,0.979000,0.940660
Unlu_CS=T,upshift,0.950000,30,1.205000,21.016667,0.000000,0.783747,0.833444,0.181067,1.000000,0.440000,0.972000,0.663325
