Methods,Pattern Name,Imbalanced Ratio,Time Window,Abnormality Value,ARLIDX,USP,TASRID,TAR,loss,specificity,sensitivity,accuracy,geometric_mean
mixed_CS=T,upshift,0.950000,50,0.380000,7.883333,0.000000,0.299917,0.870909,0.124607,0.753684,0.720000,0.752000,0.736650
Unlu_CS=T,upshift,0.950000,50,0.380000,25.350000,0.000000,0.416198,0.697686,0.252392,0.918947,0.400000,0.893000,0.606283
