Methods,Pattern Name,Imbalanced Ratio,Time Window,Abnormality Value,ARLIDX,USP,TASRID,TAR,loss,specificity,sensitivity,accuracy,geometric_mean
mixed_CS=T,upshift,0.950000,50,1.205000,7.580000,0.000000,0.791570,0.940606,0.003951,0.997895,0.960000,0.996000,0.978764
Unlu_CS=T,upshift,0.950000,50,1.205000,29.346667,0.000000,0.690882,0.763691,0.118038,1.000000,0.520000,0.976000,0.721110
