Methods,Pattern Name,Imbalanced Ratio,Time Window,Abnormality Value,ARLIDX,USP,TASRID,TAR,loss,specificity,sensitivity,accuracy,geometric_mean
mixed_CS=T,upshift,0.950000,30,1.055000,4.883333,0.000000,0.761102,0.961928,0.033555,0.965263,0.900000,0.962000,0.932061
Unlu_CS=T,upshift,0.950000,30,1.055000,14.103333,0.000000,0.793278,0.888182,0.113636,0.998947,0.560000,0.977000,0.747938
