Methods,Pattern Name,Imbalanced Ratio,Time Window,Abnormality Value,ARLIDX,USP,TASRID,TAR,loss,specificity,sensitivity,accuracy,geometric_mean
mixed_CS=T,upshift,0.950000,50,1.355000,7.010000,0.000000,0.934848,0.950055,0.003574,0.997895,0.980000,0.997000,0.988907
Unlu_CS=T,upshift,0.950000,50,1.355000,32.216667,0.000000,0.720689,0.741598,0.283739,1.000000,0.440000,0.972000,0.663325
