Methods,Pattern Name,Imbalanced Ratio,Time Window,Abnormality Value,ARLIDX,USP,TASRID,TAR,loss,specificity,sensitivity,accuracy,geometric_mean
mixed_CS=T,upshift,0.950000,30,1.430000,4.353333,0.000000,0.826997,0.969780,0.011793,0.983158,0.980000,0.983000,0.981578
Unlu_CS=T,upshift,0.950000,30,1.430000,19.813333,0.000000,0.793168,0.843554,0.178534,1.000000,0.460000,0.973000,0.678233
