Methods,Pattern Name,Imbalanced Ratio,Time Window,Abnormality Value,ARLIDX,USP,TASRID,TAR,loss,specificity,sensitivity,accuracy,geometric_mean
mixed_CS=T,upshift,0.950000,50,1.430000,6.233333,0.000000,0.885069,0.955372,0.006141,0.993684,1.000000,0.994000,0.996837
Unlu_CS=T,upshift,0.950000,50,1.430000,33.210000,0.000000,0.639339,0.731736,0.463546,1.000000,0.440000,0.972000,0.663325
