Methods,Pattern Name,Imbalanced Ratio,Time Window,Abnormality Value,ARLIDX,USP,TASRID,TAR,loss,specificity,sensitivity,accuracy,geometric_mean
mixed_CS=T,upshift,0.950000,80,1.055000,8.483333,0.000000,0.789532,0.933388,0.004914,0.991579,0.960000,0.990000,0.975662
Unlu_CS=T,upshift,0.950000,80,1.055000,45.430000,0.000000,0.609449,0.632314,0.171775,1.000000,0.520000,0.976000,0.721110
