Methods,Pattern Name,Imbalanced Ratio,Time Window,Abnormality Value,ARLIDX,USP,TASRID,TAR,loss,specificity,sensitivity,accuracy,geometric_mean
mixed_CS=T,upshift,0.950000,50,1.280000,7.043333,0.000000,0.880028,0.948760,0.006996,0.992632,0.960000,0.991000,0.976179
Unlu_CS=T,upshift,0.950000,50,1.280000,26.603333,0.000000,0.788402,0.788402,0.213599,1.000000,0.600000,0.980000,0.774597
