Methods,Pattern Name,Imbalanced Ratio,Time Window,Abnormality Value,ARLIDX,USP,TASRID,TAR,loss,specificity,sensitivity,accuracy,geometric_mean
mixed_CS=T,upshift,0.950000,80,0.905000,10.950000,0.000000,0.657190,0.907658,0.003298,0.994737,1.000000,0.995000,0.997365
Unlu_CS=T,upshift,0.950000,80,0.905000,53.750000,0.000000,0.478650,0.560331,0.176791,1.000000,0.420000,0.971000,0.648074
