Pattern Name,Imbalanced Ratio,Time Window,Abnormality Value,mixed_CS=T,mixed_CS=F,convn_CS=T,convn_CS=F,Detection Rates Metrics
downshift,0.5,50,0.23,0.0,0.0,0.0033333333333333335,0.0033333333333333335,Undetected Samples Percentage
downshift,0.5,50,0.23,0.34493112947658405,0.3324517906336088,0.30873278236914603,0.2668595041322314,Mean True Alert Streaks from Initial Detection
downshift,0.5,50,0.23,0.7623140495867768,0.7113774104683196,0.6537465564738292,0.6466666666666666,True Alert Rate
