Pattern Name,Imbalanced Ratio,Time Window,Abnormality Value,mixed_CS=T,mixed_CS=F,convn_CS=T,convn_CS=F,Detection Rates Metrics
downshift,0.5,80,0.455,0.0,0.0,0.0033333333333333335,0.0,Undetected Samples Percentage
downshift,0.5,80,0.455,0.502314049586777,0.4743801652892561,0.2578787878787879,0.3535261707988981,Mean True Alert Streaks from Initial Detection
downshift,0.5,80,0.455,0.8447107438016529,0.8619834710743801,0.6333884297520661,0.6607162534435261,True Alert Rate
