Pattern Name,Imbalanced Ratio,Time Window,Abnormality Value,mixed_CS=T,mixed_CS=F,convn_CS=T,convn_CS=F,Detection Rates Metrics
downshift,0.5,50,0.08,0.0033333333333333335,0.0,0.016666666666666666,0.006666666666666667,Undetected Samples Percentage
downshift,0.5,50,0.08,0.17669421487603304,0.13504132231404958,0.17895316804407715,0.17931129476584023,Mean True Alert Streaks from Initial Detection
downshift,0.5,50,0.08,0.5383471074380165,0.5337741046831956,0.47887052341597797,0.5287052341597797,True Alert Rate
