Pattern Name,Imbalanced Ratio,Time Window,Abnormality Value,mixed_CS=T,mixed_CS=F,convn_CS=T,convn_CS=F,Detection Rates Metrics
downshift,0.75,80,0.08,0.013333333333333334,0.0,0.04,0.31,Undetected Samples Percentage
downshift,0.75,80,0.08,0.2799449035812672,0.027162534435261704,0.20253443526170797,0.08203856749311295,Mean True Alert Streaks from Initial Detection
downshift,0.75,80,0.08,0.5681267217630854,0.22619834710743802,0.5135537190082644,0.1772176308539945,True Alert Rate
