Pattern Name,Imbalanced Ratio,Time Window,Abnormality Value,mixed_CS=T,mixed_CS=F,convn_CS=T,convn_CS=F,Detection Rates Metrics
downshift,0.75,80,0.755,0.0,0.0,0.0033333333333333335,0.0,Undetected Samples Percentage
downshift,0.75,80,0.755,0.7885399449035813,0.6065013774104684,0.6012396694214875,0.6281818181818182,Mean True Alert Streaks from Initial Detection
downshift,0.75,80,0.755,0.9138292011019283,0.8852341597796143,0.7239944903581267,0.7148484848484848,True Alert Rate
