Pattern Name,Imbalanced Ratio,Time Window,Abnormality Value,mixed_CS=T,mixed_CS=F,convn_CS=T,convn_CS=F,Detection Rates Metrics
downshift,0.75,50,0.155,0.0,0.0033333333333333335,0.0,0.043333333333333335,Undetected Samples Percentage
downshift,0.75,50,0.155,0.12013774104683193,0.043112947658402206,0.25647382920110195,0.17187327823691462,Mean True Alert Streaks from Initial Detection
downshift,0.75,50,0.155,0.693801652892562,0.2853168044077135,0.604297520661157,0.38779614325068873,True Alert Rate
