Pattern Name,Imbalanced Ratio,Time Window,Abnormality Value,mixed_CS=T,mixed_CS=F,convn_CS=T,convn_CS=F,Detection Rates Metrics
downshift,0.75,80,0.305,0.006666666666666667,0.006666666666666667,0.006666666666666667,0.006666666666666667,Undetected Samples Percentage
downshift,0.75,80,0.305,0.54732782369146,0.381625344352617,0.3988429752066116,0.35873278236914596,Mean True Alert Streaks from Initial Detection
downshift,0.75,80,0.305,0.8103030303030303,0.7099449035812673,0.6926721763085399,0.617741046831956,True Alert Rate
