Pattern Name,Imbalanced Ratio,Time Window,Abnormality Value,mixed_CS=T,mixed_CS=F,convn_CS=T,convn_CS=F,Detection Rates Metrics
downshift,0.75,50,0.005,0.0,0.03666666666666667,0.0,0.0,Undetected Samples Percentage
downshift,0.75,50,0.005,0.08269972451790633,0.0287603305785124,0.05713498622589532,0.03019283746556474,Mean True Alert Streaks from Initial Detection
downshift,0.75,50,0.005,0.48250688705234157,0.11137741046831956,0.5006611570247934,0.20234159779614325,True Alert Rate
