Pattern Name,Imbalanced Ratio,Time Window,Abnormality Value,mixed_CS=T,mixed_CS=F,convn_CS=T,convn_CS=F,Detection Rates Metrics
downshift,0.75,80,0.38,0.0033333333333333335,0.0033333333333333335,0.006666666666666667,0.013333333333333334,Undetected Samples Percentage
downshift,0.75,80,0.38,0.3701101928374656,0.22743801652892562,0.2733333333333333,0.25920110192837464,Mean True Alert Streaks from Initial Detection
downshift,0.75,80,0.38,0.8077134986225896,0.7344903581267218,0.6042424242424242,0.5719283746556474,True Alert Rate
