Pattern Name,Imbalanced Ratio,Time Window,Abnormality Value,mixed_CS=T,mixed_CS=F,convn_CS=T,convn_CS=F,Detection Rates Metrics
downshift,0.95,80,0.23,0.0033333333333333335,0.10666666666666667,0.013333333333333334,0.22333333333333333,Undetected Samples Percentage
downshift,0.95,80,0.23,0.3785674931129477,0.036391184573002756,0.35570247933884297,0.15297520661157024,Mean True Alert Streaks from Initial Detection
downshift,0.95,80,0.23,0.7834986225895317,0.21553719008264463,0.6280440771349862,0.26950413223140496,True Alert Rate
