Pattern Name,Imbalanced Ratio,Time Window,Abnormality Value,mixed_CS=T,mixed_CS=F,convn_CS=T,convn_CS=F,Detection Rates Metrics
downshift,0.95,30,0.38,0.0,0.09,0.0,0.0033333333333333335,Undetected Samples Percentage
downshift,0.95,30,0.38,0.49798898071625347,0.03865013774104683,0.288099173553719,0.1524793388429752,Mean True Alert Streaks from Initial Detection
downshift,0.95,30,0.38,0.8711019283746556,0.11118457300275482,0.741404958677686,0.4314876033057851,True Alert Rate
