Pattern Name,Imbalanced Ratio,Time Window,Abnormality Value,mixed_CS=T,mixed_CS=F,convn_CS=T,convn_CS=F,Detection Rates Metrics
downshift,0.95,50,0.08,0.0,0.23666666666666666,0.0,0.31666666666666665,Undetected Samples Percentage
downshift,0.95,50,0.08,0.06035812672176308,0.023112947658402206,0.07878787878787878,0.016143250688705237,Mean True Alert Streaks from Initial Detection
downshift,0.95,50,0.08,0.585702479338843,0.05895316804407714,0.5916804407713498,0.028181818181818183,True Alert Rate
