Pattern Name,Imbalanced Ratio,Time Window,Abnormality Value,mixed_CS=T,mixed_CS=F,convn_CS=T,convn_CS=F,Detection Rates Metrics
downshift,0.9,80,0.455,0.0,0.006666666666666667,0.0033333333333333335,0.006666666666666667,Undetected Samples Percentage
downshift,0.9,80,0.455,0.4866115702479339,0.39964187327823697,0.3918732782369146,0.3268595041322314,Mean True Alert Streaks from Initial Detection
downshift,0.9,80,0.455,0.8319008264462809,0.7371349862258954,0.6343526170798898,0.576198347107438,True Alert Rate
