Pattern Name,Imbalanced Ratio,Time Window,Abnormality Value,mixed_CS=T,mixed_CS=F,convn_CS=T,convn_CS=F,Detection Rates Metrics
downshift,0.9,50,0.38,0.0,0.013333333333333334,0.0,0.01,Undetected Samples Percentage
downshift,0.9,50,0.38,0.41074380165289254,0.2444628099173554,0.321900826446281,0.162534435261708,Mean True Alert Streaks from Initial Detection
downshift,0.9,50,0.38,0.8553443526170799,0.5164187327823692,0.6940495867768595,0.5034986225895317,True Alert Rate
