Pattern Name,Imbalanced Ratio,Time Window,Abnormality Value,mixed_CS=T,mixed_CS=F,convn_CS=T,convn_CS=F,Detection Rates Metrics
downshift,0.9,80,0.155,0.006666666666666667,0.11,0.01,0.27,Undetected Samples Percentage
downshift,0.9,80,0.155,0.28727272727272724,0.03198347107438016,0.26961432506887056,0.07005509641873277,Mean True Alert Streaks from Initial Detection
downshift,0.9,80,0.155,0.681900826446281,0.14798898071625344,0.6382093663911845,0.22743801652892562,True Alert Rate
