Pattern Name,Imbalanced Ratio,Time Window,Abnormality Value,mixed_CS=T,mixed_CS=F,convn_CS=T,convn_CS=F,Detection Rates Metrics
cyclic,0.5,80,1.205,0.0,0.0,0.0,0.0,Undetected Samples Percentage
cyclic,0.5,80,1.205,0.015977961432506883,0.017052341597796145,0.009669421487603308,0.009146005509641873,Mean True Alert Streaks from Initial Detection
cyclic,0.5,80,1.205,0.3319559228650138,0.3623140495867769,0.20027548209366391,0.2103305785123967,True Alert Rate
