Pattern Name,Imbalanced Ratio,Time Window,Abnormality Value,mixed_CS=T,mixed_CS=F,convn_CS=T,convn_CS=F,Detection Rates Metrics
cyclic,0.5,50,0.455,0.0,0.0,0.0,0.0,Undetected Samples Percentage
cyclic,0.5,50,0.455,0.11236914600550965,0.21294765840220387,0.015895316804407717,0.015619834710743801,Mean True Alert Streaks from Initial Detection
cyclic,0.5,50,0.455,0.6076308539944903,0.6680991735537191,0.2819283746556474,0.2765564738292011,True Alert Rate
