Pattern Name,Imbalanced Ratio,Time Window,Abnormality Value,mixed_CS=T,mixed_CS=F,convn_CS=T,convn_CS=F,Detection Rates Metrics
cyclic,0.5,80,1.43,0.0,0.0,0.0,0.0,Undetected Samples Percentage
cyclic,0.5,80,1.43,0.016418732782369144,0.014049586776859503,0.009173553719008264,0.008622589531680441,Mean True Alert Streaks from Initial Detection
cyclic,0.5,80,1.43,0.33955922865013777,0.32292011019283745,0.20754820936639118,0.20829201101928374,True Alert Rate
