Pattern Name,Imbalanced Ratio,Time Window,Abnormality Value,mixed_CS=T,mixed_CS=F,convn_CS=T,convn_CS=F,Detection Rates Metrics
cyclic,0.5,50,1.205,0.0,0.0,0.0,0.0,Undetected Samples Percentage
cyclic,0.5,50,1.205,0.11490358126721761,0.16333333333333333,0.011680440771349861,0.011763085399449036,Mean True Alert Streaks from Initial Detection
cyclic,0.5,50,1.205,0.8555371900826446,0.8669972451790634,0.2500550964187328,0.25829201101928373,True Alert Rate
