Pattern Name,Imbalanced Ratio,Time Window,Abnormality Value,mixed_CS=T,mixed_CS=F,convn_CS=T,convn_CS=F,Detection Rates Metrics
cyclic,0.5,80,0.905,0.0,0.0,0.0,0.0,Undetected Samples Percentage
cyclic,0.5,80,0.905,0.014077134986225894,0.014380165289256196,0.01184573002754821,0.011460055096418733,Mean True Alert Streaks from Initial Detection
cyclic,0.5,80,0.905,0.328732782369146,0.3213498622589532,0.2072176308539945,0.21633608815426997,True Alert Rate
