Pattern Name,Imbalanced Ratio,Time Window,Abnormality Value,mixed_CS=T,mixed_CS=F,convn_CS=T,convn_CS=F,Detection Rates Metrics
cyclic,0.5,30,0.305,0.0,0.0,0.0,0.0,Undetected Samples Percentage
cyclic,0.5,30,0.305,0.030247933884297525,0.038953168044077134,0.01972451790633609,0.019283746556473826,Mean True Alert Streaks from Initial Detection
cyclic,0.5,30,0.305,0.4322314049586777,0.5408264462809917,0.3478512396694215,0.32862258953168044,True Alert Rate
