Pattern Name,Imbalanced Ratio,Time Window,Abnormality Value,mixed_CS=T,mixed_CS=F,convn_CS=T,convn_CS=F,Detection Rates Metrics
cyclic,0.5,30,0.605,0.0,0.0,0.0,0.0,Undetected Samples Percentage
cyclic,0.5,30,0.605,0.08399449035812673,0.12173553719008263,0.015867768595041323,0.015647382920110194,Mean True Alert Streaks from Initial Detection
cyclic,0.5,30,0.605,0.5570523415977962,0.620137741046832,0.2863085399449036,0.28451790633608814,True Alert Rate
