Pattern Name,Imbalanced Ratio,Time Window,Abnormality Value,mixed_CS=T,mixed_CS=F,convn_CS=T,convn_CS=F,Detection Rates Metrics
cyclic,0.5,80,0.605,0.0,0.0,0.0,0.0,Undetected Samples Percentage
cyclic,0.5,80,0.605,0.01575757575757576,0.01509641873278237,0.011239669421487603,0.01184573002754821,Mean True Alert Streaks from Initial Detection
cyclic,0.5,80,0.605,0.3498071625344353,0.3432231404958678,0.20201101928374657,0.21619834710743802,True Alert Rate
