Pattern Name,Imbalanced Ratio,Time Window,Abnormality Value,mixed_CS=T,mixed_CS=F,convn_CS=T,convn_CS=F,Detection Rates Metrics
cyclic,0.5,80,0.83,0.0,0.0,0.0,0.0,Undetected Samples Percentage
cyclic,0.5,80,0.83,0.012809917355371903,0.014517906336088154,0.010661157024793389,0.011735537190082645,Mean True Alert Streaks from Initial Detection
cyclic,0.5,80,0.83,0.29198347107438016,0.3066391184573003,0.21578512396694216,0.2265840220385675,True Alert Rate
