Pattern Name,Imbalanced Ratio,Time Window,Abnormality Value,mixed_CS=T,mixed_CS=F,convn_CS=T,convn_CS=F,Detection Rates Metrics
cyclic,0.75,30,0.755,0.0,0.0,0.0,0.0,Undetected Samples Percentage
cyclic,0.75,30,0.755,0.21143250688705234,0.17088154269972453,0.01578512396694215,0.013774104683195591,Mean True Alert Streaks from Initial Detection
cyclic,0.75,30,0.755,0.6996969696969697,0.5380440771349863,0.2940495867768595,0.2403305785123967,True Alert Rate
