Pattern Name,Imbalanced Ratio,Time Window,Abnormality Value,mixed_CS=T,mixed_CS=F,convn_CS=T,convn_CS=F,Detection Rates Metrics
cyclic,0.75,50,1.43,0.0,0.0,0.0,0.0,Undetected Samples Percentage
cyclic,0.75,50,1.43,0.2660881542699725,0.20399449035812672,0.010909090909090908,0.015013774104683195,Mean True Alert Streaks from Initial Detection
cyclic,0.75,50,1.43,0.8886501377410468,0.8610468319559229,0.25360881542699726,0.28790633608815425,True Alert Rate
