Pattern Name,Imbalanced Ratio,Time Window,Abnormality Value,mixed_CS=T,mixed_CS=F,convn_CS=T,convn_CS=F,Detection Rates Metrics
cyclic,0.75,80,0.98,0.0,0.0,0.0,0.0,Undetected Samples Percentage
cyclic,0.75,80,0.98,0.015261707988980718,0.013140495867768597,0.013223140495867768,0.011763085399449036,Mean True Alert Streaks from Initial Detection
cyclic,0.75,80,0.98,0.37275482093663914,0.3258953168044077,0.22730027548209367,0.21917355371900826,True Alert Rate
