Pattern Name,Imbalanced Ratio,Time Window,Abnormality Value,mixed_CS=T,mixed_CS=F,convn_CS=T,convn_CS=F,Detection Rates Metrics
cyclic,0.75,30,1.205,0.0,0.0,0.0,0.0,Undetected Samples Percentage
cyclic,0.75,30,1.205,0.2141873278236915,0.38584022038567495,0.01553719008264463,0.015013774104683195,Mean True Alert Streaks from Initial Detection
cyclic,0.75,30,1.205,0.8754545454545455,0.870137741046832,0.3054545454545455,0.3045730027548209,True Alert Rate
