Pattern Name,Imbalanced Ratio,Time Window,Abnormality Value,mixed_CS=T,mixed_CS=F,convn_CS=T,convn_CS=F,Detection Rates Metrics
cyclic,0.75,30,1.73,0.0,0.0,0.0,0.0,Undetected Samples Percentage
cyclic,0.75,30,1.73,0.27005509641873277,0.5662258953168045,0.016143250688705233,0.016446280991735538,Mean True Alert Streaks from Initial Detection
cyclic,0.75,30,1.73,0.9267768595041322,0.9160055096418733,0.36983471074380164,0.3549035812672176,True Alert Rate
