Pattern Name,Imbalanced Ratio,Time Window,Abnormality Value,mixed_CS=T,mixed_CS=F,convn_CS=T,convn_CS=F,Detection Rates Metrics
cyclic,0.75,80,1.43,0.0,0.0,0.0,0.0,Undetected Samples Percentage
cyclic,0.75,80,1.43,0.0162534435261708,0.017245179063360882,0.008980716253443526,0.01143250688705234,Mean True Alert Streaks from Initial Detection
cyclic,0.75,80,1.43,0.38066115702479336,0.36454545454545456,0.2012396694214876,0.23630853994490358,True Alert Rate
