Pattern Name,Imbalanced Ratio,Time Window,Abnormality Value,mixed_CS=T,mixed_CS=F,convn_CS=T,convn_CS=F,Detection Rates Metrics
cyclic,0.75,80,1.58,0.0,0.0,0.0,0.0,Undetected Samples Percentage
cyclic,0.75,80,1.58,0.016942148760330577,0.015399449035812671,0.011955922865013775,0.015371900826446282,Mean True Alert Streaks from Initial Detection
cyclic,0.75,80,1.58,0.42768595041322316,0.3839393939393939,0.2716253443526171,0.25526170798898073,True Alert Rate
