Pattern Name,Imbalanced Ratio,Time Window,Abnormality Value,mixed_CS=T,mixed_CS=F,convn_CS=T,convn_CS=F,Detection Rates Metrics
cyclic,0.75,50,0.53,0.0,0.0,0.0,0.0,Undetected Samples Percentage
cyclic,0.75,50,0.53,0.050275482093663906,0.06297520661157026,0.013856749311294764,0.014214876033057851,Mean True Alert Streaks from Initial Detection
cyclic,0.75,50,0.53,0.617741046831956,0.3528099173553719,0.26694214876033057,0.213168044077135,True Alert Rate
