Pattern Name,Imbalanced Ratio,Time Window,Abnormality Value,mixed_CS=T,mixed_CS=F,convn_CS=T,convn_CS=F,Detection Rates Metrics
cyclic,0.75,50,0.755,0.0,0.0,0.0,0.0,Undetected Samples Percentage
cyclic,0.75,50,0.755,0.12082644628099172,0.13033057851239668,0.012754820936639119,0.012699724517906335,Mean True Alert Streaks from Initial Detection
cyclic,0.75,50,0.755,0.7634986225895317,0.6544628099173554,0.2546556473829201,0.22319559228650138,True Alert Rate
