Pattern Name,Imbalanced Ratio,Time Window,Abnormality Value,mixed_CS=T,mixed_CS=F,convn_CS=T,convn_CS=F,Detection Rates Metrics
cyclic,0.75,80,1.805,0.0,0.0,0.0,0.0,Undetected Samples Percentage
cyclic,0.75,80,1.805,0.01787878787878788,0.017079889807162532,0.010661157024793389,0.010991735537190083,Mean True Alert Streaks from Initial Detection
cyclic,0.75,80,1.805,0.3598071625344353,0.3447658402203857,0.25179063360881543,0.22793388429752065,True Alert Rate
