Pattern Name,Imbalanced Ratio,Time Window,Abnormality Value,mixed_CS=T,mixed_CS=F,convn_CS=T,convn_CS=F,Detection Rates Metrics
cyclic,0.75,80,1.355,0.0,0.0,0.0,0.0,Undetected Samples Percentage
cyclic,0.75,80,1.355,0.01628099173553719,0.015206611570247934,0.011432506887052343,0.012479338842975207,Mean True Alert Streaks from Initial Detection
cyclic,0.75,80,1.355,0.3711845730027548,0.35192837465564736,0.23487603305785124,0.2553994490358127,True Alert Rate
