Pattern Name,Imbalanced Ratio,Time Window,Abnormality Value,mixed_CS=T,mixed_CS=F,convn_CS=T,convn_CS=F,Detection Rates Metrics
cyclic,0.75,80,0.68,0.0,0.0,0.0,0.0,Undetected Samples Percentage
cyclic,0.75,80,0.68,0.015922865013774105,0.01305785123966942,0.011570247933884297,0.011294765840220385,Mean True Alert Streaks from Initial Detection
cyclic,0.75,80,0.68,0.363168044077135,0.2762258953168044,0.22787878787878788,0.1915702479338843,True Alert Rate
