Pattern Name,Imbalanced Ratio,Time Window,Abnormality Value,mixed_CS=T,mixed_CS=F,convn_CS=T,convn_CS=F,Detection Rates Metrics
cyclic,0.75,30,0.83,0.0,0.0,0.0,0.0,Undetected Samples Percentage
cyclic,0.75,30,0.83,0.26771349862258953,0.15749311294765841,0.015344352617079888,0.014738292011019283,Mean True Alert Streaks from Initial Detection
cyclic,0.75,30,0.83,0.7658402203856749,0.6185674931129477,0.3048760330578512,0.25203856749311293,True Alert Rate
