Pattern Name,Imbalanced Ratio,Time Window,Abnormality Value,mixed_CS=T,mixed_CS=F,convn_CS=T,convn_CS=F,Detection Rates Metrics
cyclic,0.75,50,1.655,0.0,0.0,0.0,0.0,Undetected Samples Percentage
cyclic,0.75,50,1.655,0.28418732782369144,0.36385674931129475,0.010247933884297521,0.013774104683195591,Mean True Alert Streaks from Initial Detection
cyclic,0.75,50,1.655,0.9029752066115703,0.8990358126721764,0.18980716253443528,0.31016528925619835,True Alert Rate
