Pattern Name,Imbalanced Ratio,Time Window,Abnormality Value,mixed_CS=T,mixed_CS=F,convn_CS=T,convn_CS=F,Detection Rates Metrics
cyclic,0.75,80,1.13,0.0,0.0,0.0,0.0,Undetected Samples Percentage
cyclic,0.75,80,1.13,0.015950413223140496,0.01327823691460055,0.011046831955922865,0.01278236914600551,Mean True Alert Streaks from Initial Detection
cyclic,0.75,80,1.13,0.3985123966942149,0.33402203856749313,0.21162534435261707,0.2296969696969697,True Alert Rate
