Pattern Name,Imbalanced Ratio,Time Window,Abnormality Value,mixed_CS=T,mixed_CS=F,convn_CS=T,convn_CS=F,Detection Rates Metrics
cyclic,0.75,50,1.055,0.0,0.0,0.0,0.0,Undetected Samples Percentage
cyclic,0.75,50,1.055,0.19179063360881543,0.23347107438016526,0.012809917355371903,0.01371900826446281,Mean True Alert Streaks from Initial Detection
cyclic,0.75,50,1.055,0.8615977961432507,0.8114325068870524,0.2580165289256198,0.2610192837465565,True Alert Rate
