Pattern Name,Imbalanced Ratio,Time Window,Abnormality Value,mixed_CS=T,mixed_CS=F,convn_CS=T,convn_CS=F,Detection Rates Metrics
cyclic,0.75,50,0.38,0.0,0.19333333333333333,0.0,0.0033333333333333335,Undetected Samples Percentage
cyclic,0.75,50,0.38,0.10909090909090909,0.04429752066115702,0.01680440771349862,0.013856749311294768,Mean True Alert Streaks from Initial Detection
cyclic,0.75,50,0.38,0.5509641873278237,0.1537465564738292,0.2696969696969697,0.17272727272727273,True Alert Rate
