Pattern Name,Imbalanced Ratio,Time Window,Abnormality Value,mixed_CS=T,mixed_CS=F,convn_CS=T,convn_CS=F,Detection Rates Metrics
cyclic,0.95,30,0.605,0.0,0.33,0.0,0.023333333333333334,Undetected Samples Percentage
cyclic,0.95,30,0.605,0.06674931129476583,0.015371900826446282,0.016005509641873274,0.012920110192837465,Mean True Alert Streaks from Initial Detection
cyclic,0.95,30,0.605,0.521267217630854,0.04358126721763085,0.26955922865013776,0.08308539944903581,True Alert Rate
