Pattern Name,Imbalanced Ratio,Time Window,Abnormality Value,mixed_CS=T,mixed_CS=F,convn_CS=T,convn_CS=F,Detection Rates Metrics
cyclic,0.95,50,1.58,0.0,0.0,0.0,0.0,Undetected Samples Percentage
cyclic,0.95,50,1.58,0.6046831955922866,0.7505234159779614,0.018016528925619835,0.023333333333333334,Mean True Alert Streaks from Initial Detection
cyclic,0.95,50,1.58,0.9076859504132231,0.8786776859504132,0.40768595041322314,0.49928374655647384,True Alert Rate
