Pattern Name,Imbalanced Ratio,Time Window,Abnormality Value,mixed_CS=T,mixed_CS=F,convn_CS=T,convn_CS=F,Detection Rates Metrics
cyclic,0.95,80,0.53,0.0,0.013333333333333334,0.0,0.03,Undetected Samples Percentage
cyclic,0.95,80,0.53,0.015977961432506887,0.0137465564738292,0.016859504132231404,0.011900826446280993,Mean True Alert Streaks from Initial Detection
cyclic,0.95,80,0.53,0.33980716253443527,0.205068870523416,0.2981542699724518,0.13760330578512397,True Alert Rate
