Pattern Name,Imbalanced Ratio,Time Window,Abnormality Value,mixed_CS=T,mixed_CS=F,convn_CS=T,convn_CS=F,Detection Rates Metrics
cyclic,0.95,30,1.055,0.0,0.0,0.0,0.0,Undetected Samples Percentage
cyclic,0.95,30,1.055,0.3439669421487604,0.11396694214876033,0.017355371900826446,0.019862258953168045,Mean True Alert Streaks from Initial Detection
cyclic,0.95,30,1.055,0.8166391184573003,0.48955922865013773,0.330495867768595,0.32487603305785123,True Alert Rate
