Pattern Name,Imbalanced Ratio,Time Window,Abnormality Value,mixed_CS=T,mixed_CS=F,convn_CS=T,convn_CS=F,Detection Rates Metrics
cyclic,0.95,30,1.205,0.0,0.0,0.0,0.0,Undetected Samples Percentage
cyclic,0.95,30,1.205,0.5708815426997245,0.36013774104683194,0.020192837465564738,0.01581267217630854,Mean True Alert Streaks from Initial Detection
cyclic,0.95,30,1.205,0.8725895316804407,0.7058953168044078,0.3490633608815427,0.2801928374655647,True Alert Rate
