Pattern Name,Imbalanced Ratio,Time Window,Abnormality Value,mixed_CS=T,mixed_CS=F,convn_CS=T,convn_CS=F,Detection Rates Metrics
cyclic,0.95,50,0.83,0.0,0.0033333333333333335,0.0,0.0,Undetected Samples Percentage
cyclic,0.95,50,0.83,0.24570247933884298,0.13859504132231407,0.014765840220385674,0.013057851239669422,Mean True Alert Streaks from Initial Detection
cyclic,0.95,50,0.83,0.8185950413223141,0.5275757575757576,0.326831955922865,0.22460055096418732,True Alert Rate
