Pattern Name,Imbalanced Ratio,Time Window,Abnormality Value,mixed_CS=T,mixed_CS=F,convn_CS=T,convn_CS=F,Detection Rates Metrics
cyclic,0.95,50,1.73,0.0,0.0,0.0,0.0,Undetected Samples Percentage
cyclic,0.95,50,1.73,0.5249862258953168,0.6312396694214876,0.011212121212121213,0.022148760330578512,Mean True Alert Streaks from Initial Detection
cyclic,0.95,50,1.73,0.9218732782369146,0.8897796143250689,0.23942148760330578,0.46316804407713497,True Alert Rate
