Pattern Name,Imbalanced Ratio,Time Window,Abnormality Value,mixed_CS=T,mixed_CS=F,convn_CS=T,convn_CS=F,Detection Rates Metrics
cyclic,0.95,80,1.055,0.0,0.0,0.0,0.0,Undetected Samples Percentage
cyclic,0.95,80,1.055,0.012865013774104685,0.013168044077134988,0.018925619834710743,0.017410468319559228,Mean True Alert Streaks from Initial Detection
cyclic,0.95,80,1.055,0.44644628099173556,0.36396694214876035,0.3344903581267218,0.3190633608815427,True Alert Rate
