Pattern Name,Imbalanced Ratio,Time Window,Abnormality Value,mixed_CS=T,mixed_CS=F,convn_CS=T,convn_CS=F,Detection Rates Metrics
cyclic,0.95,80,1.805,0.0,0.0,0.0,0.0,Undetected Samples Percentage
cyclic,0.95,80,1.805,0.015316804407713498,0.018650137741046832,0.013498622589531682,0.018953168044077137,Mean True Alert Streaks from Initial Detection
cyclic,0.95,80,1.805,0.599504132231405,0.4194765840220386,0.26804407713498624,0.3654820936639118,True Alert Rate
