Pattern Name,Imbalanced Ratio,Time Window,Abnormality Value,mixed_CS=T,mixed_CS=F,convn_CS=T,convn_CS=F,Detection Rates Metrics
cyclic,0.95,50,0.755,0.0,0.01,0.0,0.0,Undetected Samples Percentage
cyclic,0.95,50,0.755,0.19344352617079888,0.1290082644628099,0.01487603305785124,0.012451790633608815,Mean True Alert Streaks from Initial Detection
cyclic,0.95,50,0.755,0.7878787878787878,0.4549862258953168,0.25669421487603306,0.17402203856749313,True Alert Rate
