Pattern Name,Imbalanced Ratio,Time Window,Abnormality Value,mixed_CS=T,mixed_CS=F,convn_CS=T,convn_CS=F,Detection Rates Metrics
cyclic,0.95,50,1.205,0.0,0.0,0.0,0.0,Undetected Samples Percentage
cyclic,0.95,50,1.205,0.3404132231404959,0.46771349862258954,0.014077134986225896,0.017410468319559228,Mean True Alert Streaks from Initial Detection
cyclic,0.95,50,1.205,0.8788980716253444,0.7494490358126722,0.4143526170798898,0.3622589531680441,True Alert Rate
