Pattern Name,Imbalanced Ratio,Time Window,Abnormality Value,mixed_CS=T,mixed_CS=F,convn_CS=T,convn_CS=F,Detection Rates Metrics
cyclic,0.95,30,1.505,0.0,0.0,0.0,0.0,Undetected Samples Percentage
cyclic,0.95,30,1.505,0.28942148760330577,0.5066942148760331,0.019504132231404958,0.019779614325068872,Mean True Alert Streaks from Initial Detection
cyclic,0.95,30,1.505,0.8860055096418733,0.8467768595041323,0.5231129476584022,0.43217630853994493,True Alert Rate
