Pattern Name,Imbalanced Ratio,Time Window,Abnormality Value,mixed_CS=T,mixed_CS=F,convn_CS=T,convn_CS=F,Detection Rates Metrics
cyclic,0.95,80,0.98,0.0,0.0,0.0,0.0,Undetected Samples Percentage
cyclic,0.95,80,0.98,0.01578512396694215,0.016666666666666666,0.02206611570247934,0.020413223140495866,Mean True Alert Streaks from Initial Detection
cyclic,0.95,80,0.98,0.419228650137741,0.3441597796143251,0.31424242424242427,0.3753719008264463,True Alert Rate
