Pattern Name,Imbalanced Ratio,Time Window,Abnormality Value,mixed_CS=T,mixed_CS=F,convn_CS=T,convn_CS=F,Detection Rates Metrics
cyclic,0.95,80,1.73,0.0,0.0,0.0,0.0,Undetected Samples Percentage
cyclic,0.95,80,1.73,0.017823691460055097,0.018099173553719008,0.014545454545454544,0.01997245179063361,Mean True Alert Streaks from Initial Detection
cyclic,0.95,80,1.73,0.45694214876033057,0.44391184573002757,0.43190082644628097,0.3532231404958678,True Alert Rate
