Pattern Name,Imbalanced Ratio,Time Window,Abnormality Value,mixed_CS=T,mixed_CS=F,convn_CS=T,convn_CS=F,Detection Rates Metrics
cyclic,0.9,50,1.055,0.0,0.0,0.0,0.0,Undetected Samples Percentage
cyclic,0.9,50,1.055,0.17862258953168045,0.23608815426997248,0.016391184573002756,0.01258953168044077,Mean True Alert Streaks from Initial Detection
cyclic,0.9,50,1.055,0.8395592286501378,0.7622038567493113,0.25575757575757574,0.2256198347107438,True Alert Rate
