Pattern Name,Imbalanced Ratio,Time Window,Abnormality Value,mixed_CS=T,mixed_CS=F,convn_CS=T,convn_CS=F,Detection Rates Metrics
cyclic,0.9,80,0.68,0.0,0.0033333333333333335,0.0,0.0033333333333333335,Undetected Samples Percentage
cyclic,0.9,80,0.68,0.016391184573002756,0.013774104683195591,0.01327823691460055,0.010798898071625344,Mean True Alert Streaks from Initial Detection
cyclic,0.9,80,0.68,0.36451790633608816,0.23327823691460056,0.25526170798898073,0.16942148760330578,True Alert Rate
