Pattern Name,Imbalanced Ratio,Time Window,Abnormality Value,mixed_CS=T,mixed_CS=F,convn_CS=T,convn_CS=F,Detection Rates Metrics
cyclic,0.9,80,1.43,0.0,0.0,0.0,0.0,Undetected Samples Percentage
cyclic,0.9,80,1.43,0.013884297520661159,0.013856749311294768,0.009724517906336088,0.01399449035812672,Mean True Alert Streaks from Initial Detection
cyclic,0.9,80,1.43,0.3871900826446281,0.36484848484848487,0.22735537190082644,0.41793388429752065,True Alert Rate
