Pattern Name,Imbalanced Ratio,Time Window,Abnormality Value,mixed_CS=T,mixed_CS=F,convn_CS=T,convn_CS=F,Detection Rates Metrics
cyclic,0.9,30,0.53,0.0,0.29333333333333333,0.0,0.013333333333333334,Undetected Samples Percentage
cyclic,0.9,30,0.53,0.06776859504132232,0.011652892561983472,0.017134986225895314,0.013085399449035811,Mean True Alert Streaks from Initial Detection
cyclic,0.9,30,0.53,0.5257300275482094,0.03809917355371901,0.3184573002754821,0.11818181818181818,True Alert Rate
