Pattern Name,Imbalanced Ratio,Time Window,Abnormality Value,mixed_CS=T,mixed_CS=F,convn_CS=T,convn_CS=F,Detection Rates Metrics
cyclic,0.9,80,1.355,0.0,0.0,0.0,0.0,Undetected Samples Percentage
cyclic,0.9,80,1.355,0.01622589531680441,0.013911845730027548,0.009669421487603306,0.01914600550964187,Mean True Alert Streaks from Initial Detection
cyclic,0.9,80,1.355,0.4527823691460055,0.33884297520661155,0.1918457300275482,0.32484848484848483,True Alert Rate
