Pattern Name,Imbalanced Ratio,Time Window,Abnormality Value,mixed_CS=T,mixed_CS=F,convn_CS=T,convn_CS=F,Detection Rates Metrics
cyclic,0.9,80,1.805,0.0,0.0,0.0,0.0,Undetected Samples Percentage
cyclic,0.9,80,1.805,0.01889807162534435,0.016694214876033057,0.012699724517906337,0.020358126721763087,Mean True Alert Streaks from Initial Detection
cyclic,0.9,80,1.805,0.5059779614325068,0.4299724517906336,0.21319559228650137,0.37977961432506885,True Alert Rate
