Pattern Name,Imbalanced Ratio,Time Window,Abnormality Value,mixed_CS=T,mixed_CS=F,convn_CS=T,convn_CS=F,Detection Rates Metrics
cyclic,0.9,30,0.455,0.0,0.8766666666666667,0.0,0.006666666666666667,Undetected Samples Percentage
cyclic,0.9,30,0.455,0.05209366391184573,0.0019008264462809918,0.01889807162534435,0.014628099173553719,Mean True Alert Streaks from Initial Detection
cyclic,0.9,30,0.455,0.4965013774104683,0.0027823691460055096,0.3202203856749311,0.11236914600550964,True Alert Rate
