Pattern Name,Imbalanced Ratio,Time Window,Abnormality Value,mixed_CS=T,mixed_CS=F,convn_CS=T,convn_CS=F,Detection Rates Metrics
cyclic,0.9,50,0.755,0.0,0.0033333333333333335,0.0,0.0,Undetected Samples Percentage
cyclic,0.9,50,0.755,0.11082644628099175,0.19195592286501376,0.012837465564738292,0.014765840220385674,Mean True Alert Streaks from Initial Detection
cyclic,0.9,50,0.755,0.7499173553719009,0.6146556473829201,0.23294765840220386,0.2181267217630854,True Alert Rate
