Pattern Name,Imbalanced Ratio,Time Window,Abnormality Value,mixed_CS=T,mixed_CS=F,convn_CS=T,convn_CS=F,Detection Rates Metrics
cyclic,0.9,80,0.305,0.0,0.25,0.0,0.09333333333333334,Undetected Samples Percentage
cyclic,0.9,80,0.305,0.020743801652892562,0.007685950413223141,0.01650137741046832,0.011157024793388431,Mean True Alert Streaks from Initial Detection
cyclic,0.9,80,0.305,0.36363636363636365,0.04,0.25016528925619835,0.09256198347107437,True Alert Rate
