Pattern Name,Imbalanced Ratio,Time Window,Abnormality Value,mixed_CS=T,mixed_CS=F,convn_CS=T,convn_CS=F,Detection Rates Metrics
cyclic,0.9,80,1.58,0.0,0.0,0.0,0.0,Undetected Samples Percentage
cyclic,0.9,80,1.58,0.018319559228650136,0.01581267217630854,0.013636363636363636,0.01487603305785124,Mean True Alert Streaks from Initial Detection
cyclic,0.9,80,1.58,0.4581542699724518,0.46110192837465563,0.24820936639118457,0.26013774104683196,True Alert Rate
