Pattern Name,Imbalanced Ratio,Time Window,Abnormality Value,mixed_CS=T,mixed_CS=F,convn_CS=T,convn_CS=F,Detection Rates Metrics
cyclic,0.9,50,0.455,0.0,0.4633333333333333,0.0,0.016666666666666666,Undetected Samples Percentage
cyclic,0.9,50,0.455,0.06057851239669421,0.011432506887052343,0.014793388429752063,0.011542699724517907,Mean True Alert Streaks from Initial Detection
cyclic,0.9,50,0.455,0.4847107438016529,0.0390633608815427,0.281267217630854,0.12823691460055098,True Alert Rate
