Pattern Name,Imbalanced Ratio,Time Window,Abnormality Value,mixed_CS=T,mixed_CS=F,convn_CS=T,convn_CS=F,Detection Rates Metrics
cyclic,0.9,50,0.53,0.0,0.10666666666666667,0.0,0.016666666666666666,Undetected Samples Percentage
cyclic,0.9,50,0.53,0.21826446280991738,0.04055096418732782,0.013415977961432504,0.01443526170798898,Mean True Alert Streaks from Initial Detection
cyclic,0.9,50,0.53,0.7322589531680441,0.189366391184573,0.264297520661157,0.19953168044077135,True Alert Rate
