Methods,Pattern Name,Imbalanced Ratio,Time Window,Abnormality Value,ARLIDX,USP,TASRID,TAR,loss,specificity,sensitivity,accuracy,geometric_mean
mixed_CS=T,systematic,0.950000,50,1.430000,6.066667,0.000000,0.008567,0.481598,0.002470,0.997895,1.000000,0.998000,0.998947
Unlu_CS=T,systematic,0.950000,50,1.430000,24.960000,0.000000,0.293306,0.790716,0.108485,1.000000,0.540000,0.977000,0.734847
