Methods,Pattern Name,Imbalanced Ratio,Time Window,Abnormality Value,ARLIDX,USP,TASRID,TAR,loss,specificity,sensitivity,accuracy,geometric_mean
mixed_CS=T,systematic,0.950000,80,1.655000,8.520000,0.000000,0.008264,0.468871,0.000004,1.000000,1.000000,1.000000,1.000000
Unlu_CS=T,systematic,0.950000,80,1.655000,32.540000,0.000000,0.051185,0.695317,0.163434,1.000000,0.580000,0.979000,0.761577
