Methods,Pattern Name,Imbalanced Ratio,Time Window,Abnormality Value,ARLIDX,USP,TASRID,TAR,loss,specificity,sensitivity,accuracy,geometric_mean
mixed_CS=T,systematic,0.950000,30,1.505000,4.150000,0.000000,0.008292,0.486171,0.010826,0.988421,0.980000,0.988000,0.984201
Unlu_CS=T,systematic,0.950000,30,1.505000,14.320000,0.000000,0.472865,0.877631,0.122029,1.000000,0.560000,0.978000,0.748331
