Methods,Pattern Name,Imbalanced Ratio,Time Window,Abnormality Value,ARLIDX,USP,TASRID,TAR,loss,specificity,sensitivity,accuracy,geometric_mean
mixed_CS=T,systematic,0.950000,50,1.205000,8.213333,0.000000,0.008264,0.479063,0.008266,0.994737,0.940000,0.992000,0.966981
Unlu_CS=T,systematic,0.950000,50,1.205000,22.193333,0.000000,0.295758,0.806860,0.101961,0.997895,0.640000,0.980000,0.799157
