Methods,Pattern Name,Imbalanced Ratio,Time Window,Abnormality Value,ARLIDX,USP,TASRID,TAR,loss,specificity,sensitivity,accuracy,geometric_mean
mixed_CS=T,systematic,0.950000,30,0.305000,3.720000,0.000000,0.009394,0.344518,0.154505,0.731579,0.540000,0.722000,0.628532
Unlu_CS=T,systematic,0.950000,30,0.305000,37.191011,0.110000,0.101736,0.218788,0.555076,0.911579,0.240000,0.878000,0.467738
