Methods,Pattern Name,Imbalanced Ratio,Time Window,Abnormality Value,ARLIDX,USP,TASRID,TAR,loss,specificity,sensitivity,accuracy,geometric_mean
mixed_CS=T,systematic,0.950000,30,0.380000,5.323333,0.000000,0.008264,0.360386,0.110512,0.796842,0.540000,0.784000,0.655969
Unlu_CS=T,systematic,0.950000,30,0.380000,34.950704,0.053333,0.054298,0.182837,0.550368,0.914737,0.180000,0.878000,0.405774
