Methods,Pattern Name,Imbalanced Ratio,Time Window,Abnormality Value,ARLIDX,USP,TASRID,TAR,loss,specificity,sensitivity,accuracy,geometric_mean
mixed_CS=T,systematic,0.950000,30,1.730000,4.770000,0.000000,0.009201,0.493609,0.015679,0.993684,0.980000,0.993000,0.986818
Unlu_CS=T,systematic,0.950000,30,1.730000,13.356667,0.000000,0.535950,0.892948,0.104964,1.000000,0.640000,0.982000,0.800000
