Methods,Pattern Name,Imbalanced Ratio,Time Window,Abnormality Value,ARLIDX,USP,TASRID,TAR,loss,specificity,sensitivity,accuracy,geometric_mean
mixed_CS=T,systematic,0.950000,80,0.380000,11.510000,0.000000,0.008264,0.424077,0.091368,0.852632,0.860000,0.853000,0.856308
Unlu_CS=T,systematic,0.950000,80,0.380000,55.146789,0.273333,0.030937,0.108375,0.369850,0.975789,0.100000,0.932000,0.312376
