Methods,Pattern Name,Imbalanced Ratio,Time Window,Abnormality Value,ARLIDX,USP,TASRID,TAR,loss,specificity,sensitivity,accuracy,geometric_mean
mixed_CS=T,systematic,0.950000,50,1.355000,7.813333,0.000000,0.008430,0.574628,0.006883,0.998947,0.940000,0.996000,0.969026
Unlu_CS=T,systematic,0.950000,50,1.355000,20.053333,0.000000,0.325179,0.832066,0.096495,1.000000,0.560000,0.978000,0.748331
