Methods,Pattern Name,Imbalanced Ratio,Time Window,Abnormality Value,ARLIDX,USP,TASRID,TAR,loss,specificity,sensitivity,accuracy,geometric_mean
mixed_CS=T,systematic,0.950000,30,1.055000,5.756667,0.000000,0.008264,0.586006,0.040374,0.953684,0.880000,0.950000,0.916102
Unlu_CS=T,systematic,0.950000,30,1.055000,13.296667,0.000000,0.465234,0.876722,0.074060,0.998947,0.680000,0.983000,0.824187
