Methods,Pattern Name,Imbalanced Ratio,Time Window,Abnormality Value,ARLIDX,USP,TASRID,TAR,loss,specificity,sensitivity,accuracy,geometric_mean
mixed_CS=T,systematic,0.950000,80,0.155000,2.343333,0.000000,0.013113,0.455455,0.162678,0.580000,0.700000,0.586000,0.637181
Unlu_CS=T,systematic,0.950000,80,0.155000,5.810000,0.000000,0.052507,0.393030,0.647991,0.652632,0.240000,0.632000,0.395767
