Methods,Pattern Name,Imbalanced Ratio,Time Window,Abnormality Value,ARLIDX,USP,TASRID,TAR,loss,specificity,sensitivity,accuracy,geometric_mean
mixed_CS=T,systematic,0.950000,30,1.805000,3.786667,0.000000,0.040441,0.959835,0.014056,0.985263,0.980000,0.985000,0.982628
Unlu_CS=T,systematic,0.950000,30,1.805000,13.190000,0.000000,0.427025,0.892259,0.119537,1.000000,0.660000,0.983000,0.812404
