Methods,Pattern Name,Imbalanced Ratio,Time Window,Abnormality Value,ARLIDX,USP,TASRID,TAR,loss,specificity,sensitivity,accuracy,geometric_mean
mixed_CS=T,systematic,0.950000,80,1.505000,10.206667,0.000000,0.008264,0.461901,0.000068,1.000000,1.000000,1.000000,1.000000
Unlu_CS=T,systematic,0.950000,80,1.505000,33.543333,0.000000,0.062231,0.698017,0.154002,1.000000,0.560000,0.978000,0.748331
