Methods,Pattern Name,Imbalanced Ratio,Time Window,Abnormality Value,ARLIDX,USP,TASRID,TAR,loss,specificity,sensitivity,accuracy,geometric_mean
mixed_CS=T,systematic,0.950000,80,0.905000,14.820000,0.000000,0.008264,0.440551,0.014026,0.990526,0.920000,0.987000,0.954612
Unlu_CS=T,systematic,0.950000,80,0.905000,40.530000,0.000000,0.132039,0.618953,0.100510,0.995789,0.480000,0.970000,0.691360
