Methods,Pattern Name,Imbalanced Ratio,Time Window,Abnormality Value,ARLIDX,USP,TASRID,TAR,loss,specificity,sensitivity,accuracy,geometric_mean
mixed_CS=T,systematic,0.950000,80,0.755000,10.613333,0.000000,0.008264,0.456419,0.034692,0.955789,0.920000,0.954000,0.937724
Unlu_CS=T,systematic,0.950000,80,0.755000,43.070000,0.000000,0.160854,0.626253,0.135495,1.000000,0.500000,0.975000,0.707107
