Methods,Pattern Name,Imbalanced Ratio,Time Window,Abnormality Value,ARLIDX,USP,TASRID,TAR,loss,specificity,sensitivity,accuracy,geometric_mean
mixed_CS=T,systematic,0.950000,50,0.755000,6.256667,0.000000,0.008264,0.466474,0.053724,0.903158,0.960000,0.906000,0.931145
Unlu_CS=T,systematic,0.950000,50,0.755000,29.648829,0.003333,0.256364,0.666804,0.108726,0.993684,0.440000,0.966000,0.661227
