Methods,Pattern Name,Imbalanced Ratio,Time Window,Abnormality Value,ARLIDX,USP,TASRID,TAR,loss,specificity,sensitivity,accuracy,geometric_mean
mixed_CS=T,systematic,0.950000,30,1.130000,5.740000,0.000000,0.008264,0.489697,0.034076,0.956842,0.960000,0.957000,0.958420
Unlu_CS=T,systematic,0.950000,30,1.130000,14.633333,0.000000,0.373085,0.833554,0.116910,0.995789,0.540000,0.973000,0.733298
