Methods,Pattern Name,Imbalanced Ratio,Time Window,Abnormality Value,ARLIDX,USP,TASRID,TAR,loss,specificity,sensitivity,accuracy,geometric_mean
mixed_CS=T,systematic,0.950000,80,0.680000,11.686667,0.000000,0.008264,0.446584,0.036674,0.960000,0.900000,0.957000,0.929516
Unlu_CS=T,systematic,0.950000,80,0.680000,36.926667,0.000000,0.255262,0.683967,0.114446,0.998947,0.540000,0.976000,0.734460
