Methods,Pattern Name,Imbalanced Ratio,Time Window,Abnormality Value,ARLIDX,USP,TASRID,TAR,loss,specificity,sensitivity,accuracy,geometric_mean
mixed_CS=T,systematic,0.950000,30,0.080000,7.743333,0.000000,0.026226,0.298843,0.166104,0.667368,0.300000,0.649000,0.447449
Unlu_CS=T,systematic,0.950000,30,0.080000,6.700000,0.000000,0.052617,0.344986,0.672665,0.638947,0.440000,0.629000,0.530223
