Methods,Pattern Name,Imbalanced Ratio,Time Window,Abnormality Value,ARLIDX,USP,TASRID,TAR,loss,specificity,sensitivity,accuracy,geometric_mean
mixed_CS=T,systematic,0.950000,50,1.805000,5.650000,0.000000,0.053526,0.810992,0.001787,1.000000,0.980000,0.999000,0.989950
Unlu_CS=T,systematic,0.950000,50,1.805000,31.600000,0.000000,0.293554,0.739669,0.342289,1.000000,0.400000,0.970000,0.632456
