Methods,Pattern Name,Imbalanced Ratio,Time Window,Abnormality Value,ARLIDX,USP,TASRID,TAR,loss,specificity,sensitivity,accuracy,geometric_mean
mixed_CS=T,systematic,0.950000,30,1.655000,5.826667,0.000000,0.287741,0.943829,0.002578,0.997895,0.980000,0.997000,0.988907
Unlu_CS=T,systematic,0.950000,30,1.655000,13.176667,0.000000,0.474132,0.888099,0.134721,1.000000,0.520000,0.976000,0.721110
