Methods,Pattern Name,Imbalanced Ratio,Time Window,Abnormality Value,ARLIDX,USP,TASRID,TAR,loss,specificity,sensitivity,accuracy,geometric_mean
mixed_CS=T,systematic,0.950000,50,0.155000,2.343333,0.000000,0.009256,0.396612,0.162311,0.613684,0.560000,0.611000,0.586228
Unlu_CS=T,systematic,0.950000,50,0.155000,17.587248,0.006667,0.036446,0.192369,0.592382,0.806316,0.280000,0.780000,0.475151
