Methods,Pattern Name,Imbalanced Ratio,Time Window,Abnormality Value,ARLIDX,USP,TASRID,TAR,loss,specificity,sensitivity,accuracy,geometric_mean
mixed_CS=T,systematic,0.950000,30,1.205000,4.216667,0.000000,0.008264,0.485041,0.037032,0.942105,0.980000,0.944000,0.960866
Unlu_CS=T,systematic,0.950000,30,1.205000,13.343333,0.000000,0.299917,0.854793,0.093437,0.998947,0.520000,0.975000,0.720731
