Methods,Pattern Name,Imbalanced Ratio,Time Window,Abnormality Value,ARLIDX,USP,TASRID,TAR,loss,specificity,sensitivity,accuracy,geometric_mean
mixed_CS=T,systematic,0.950000,50,1.730000,7.116667,0.000000,0.009890,0.878595,0.001043,0.998947,1.000000,0.999000,0.999474
Unlu_CS=T,systematic,0.950000,50,1.730000,26.653333,0.000000,0.165234,0.776143,0.187840,1.000000,0.540000,0.977000,0.734847
