Methods,Pattern Name,Imbalanced Ratio,Time Window,Abnormality Value,ARLIDX,USP,TASRID,TAR,loss,specificity,sensitivity,accuracy,geometric_mean
mixed_CS=T,systematic,0.950000,30,1.580000,5.473333,0.000000,0.358154,0.950028,0.019299,0.989474,0.980000,0.989000,0.984725
Unlu_CS=T,systematic,0.950000,30,1.580000,11.833333,0.000000,0.524187,0.902314,0.059653,1.000000,0.700000,0.985000,0.836660
