Methods,Pattern Name,Imbalanced Ratio,Time Window,Abnormality Value,ARLIDX,USP,TASRID,TAR,loss,specificity,sensitivity,accuracy,geometric_mean
mixed_CS=T,systematic,0.950000,80,1.355000,9.553333,0.000000,0.008264,0.464353,0.000300,1.000000,1.000000,1.000000,1.000000
Unlu_CS=T,systematic,0.950000,80,1.355000,30.710000,0.000000,0.107245,0.733691,0.085825,1.000000,0.680000,0.984000,0.824621
