Methods,Pattern Name,Imbalanced Ratio,Time Window,Abnormality Value,ARLIDX,USP,TASRID,TAR,loss,specificity,sensitivity,accuracy,geometric_mean
mixed_CS=T,systematic,0.950000,50,0.230000,3.066667,0.000000,0.008457,0.406722,0.182190,0.633684,0.660000,0.635000,0.646708
Unlu_CS=T,systematic,0.950000,50,0.230000,5.613333,0.000000,0.048485,0.444105,0.655301,0.567368,0.460000,0.562000,0.510871
