Methods,Pattern Name,Imbalanced Ratio,Time Window,Abnormality Value,ARLIDX,USP,TASRID,TAR,loss,specificity,sensitivity,accuracy,geometric_mean
mixed_CS=T,systematic,0.950000,80,1.805000,10.706667,0.000000,0.008264,0.459669,0.000003,1.000000,1.000000,1.000000,1.000000
Unlu_CS=T,systematic,0.950000,80,1.805000,20.100000,0.000000,0.175262,0.821102,0.155727,1.000000,0.760000,0.988000,0.871780
