Methods,Pattern Name,Imbalanced Ratio,Time Window,Abnormality Value,ARLIDX,USP,TASRID,TAR,loss,specificity,sensitivity,accuracy,geometric_mean
mixed_CS=T,systematic,0.950000,80,0.005000,3.983333,0.000000,0.033719,0.508733,0.174971,0.467368,0.380000,0.463000,0.421426
Unlu_CS=T,systematic,0.950000,80,0.005000,4.760000,0.000000,0.056749,0.445207,0.671864,0.552632,0.580000,0.554000,0.566150
