Methods,Pattern Name,Imbalanced Ratio,Time Window,Abnormality Value,ARLIDX,USP,TASRID,TAR,loss,specificity,sensitivity,accuracy,geometric_mean
mixed_CS=T,systematic,0.950000,50,0.305000,4.950000,0.000000,0.008567,0.348760,0.122701,0.767368,0.640000,0.761000,0.700797
Unlu_CS=T,systematic,0.950000,50,0.305000,50.618605,0.283333,0.053223,0.125152,0.527627,0.941053,0.100000,0.899000,0.306766
