Methods,Pattern Name,Imbalanced Ratio,Time Window,Abnormality Value,ARLIDX,USP,TASRID,TAR,loss,specificity,sensitivity,accuracy,geometric_mean
mixed_CS=T,systematic,0.950000,30,1.280000,6.046667,0.000000,0.008264,0.611791,0.017011,0.989474,0.900000,0.985000,0.943677
Unlu_CS=T,systematic,0.950000,30,1.280000,16.366667,0.000000,0.417906,0.849063,0.092602,0.998947,0.600000,0.979000,0.774189
