Methods,Pattern Name,Imbalanced Ratio,Time Window,Abnormality Value,ARLIDX,USP,TASRID,TAR,loss,specificity,sensitivity,accuracy,geometric_mean
mixed_CS=T,systematic,0.950000,30,0.155000,3.750000,0.000000,0.014050,0.382810,0.176296,0.605263,0.440000,0.597000,0.516058
Unlu_CS=T,systematic,0.950000,30,0.155000,10.646667,0.000000,0.049697,0.362397,0.634038,0.677895,0.320000,0.660000,0.465753
