Methods,Pattern Name,Imbalanced Ratio,Time Window,Abnormality Value,ARLIDX,USP,TASRID,TAR,loss,specificity,sensitivity,accuracy,geometric_mean
mixed_CS=T,systematic,0.950000,30,0.680000,5.543333,0.000000,0.008264,0.449008,0.091814,0.851579,0.800000,0.849000,0.825387
Unlu_CS=T,systematic,0.950000,30,0.680000,22.196667,0.000000,0.169587,0.584270,0.199991,0.961053,0.360000,0.931000,0.588200
