Methods,Pattern Name,Imbalanced Ratio,Time Window,Abnormality Value,ARLIDX,USP,TASRID,TAR,loss,specificity,sensitivity,accuracy,geometric_mean
mixed_CS=T,systematic,0.950000,50,0.455000,8.436667,0.000000,0.008264,0.411818,0.088627,0.848421,0.820000,0.847000,0.834089
Unlu_CS=T,systematic,0.950000,50,0.455000,36.271429,0.066667,0.046612,0.251405,0.377648,0.924211,0.280000,0.892000,0.508703
