Methods,Pattern Name,Imbalanced Ratio,Time Window,Abnormality Value,ARLIDX,USP,TASRID,TAR,loss,specificity,sensitivity,accuracy,geometric_mean
mixed_CS=T,systematic,0.950000,50,1.130000,6.740000,0.000000,0.008320,0.528981,0.009438,0.991579,0.980000,0.991000,0.985772
Unlu_CS=T,systematic,0.950000,50,1.130000,24.660000,0.000000,0.174738,0.767658,0.094849,0.998947,0.580000,0.978000,0.761176
