Methods,Pattern Name,Imbalanced Ratio,Time Window,Abnormality Value,ARLIDX,USP,TASRID,TAR,loss,specificity,sensitivity,accuracy,geometric_mean
mixed_CS=T,systematic,0.950000,30,1.430000,5.890000,0.000000,0.008540,0.491791,0.013717,0.987368,0.980000,0.987000,0.983677
Unlu_CS=T,systematic,0.950000,30,1.430000,13.633333,0.000000,0.538898,0.883664,0.095277,1.000000,0.580000,0.979000,0.761577
