Methods,Pattern Name,Imbalanced Ratio,Time Window,Abnormality Value,ARLIDX,USP,TASRID,TAR,loss,specificity,sensitivity,accuracy,geometric_mean
mixed_CS=T,systematic,0.950000,50,1.055000,6.760000,0.000000,0.008264,0.810468,0.017375,0.990526,1.000000,0.991000,0.995252
Unlu_CS=T,systematic,0.950000,50,1.055000,26.040000,0.000000,0.248017,0.750634,0.107547,0.997895,0.520000,0.974000,0.720351
