Methods,Pattern Name,Imbalanced Ratio,Time Window,Abnormality Value,ARLIDX,USP,TASRID,TAR,loss,specificity,sensitivity,accuracy,geometric_mean
mixed_CS=T,systematic,0.950000,50,0.905000,7.573333,0.000000,0.008264,0.467521,0.025804,0.974737,0.940000,0.973000,0.957211
Unlu_CS=T,systematic,0.950000,50,0.905000,29.720000,0.000000,0.169063,0.674022,0.137726,0.998947,0.460000,0.972000,0.677876
