Methods,Pattern Name,Imbalanced Ratio,Time Window,Abnormality Value,ARLIDX,USP,TASRID,TAR,loss,specificity,sensitivity,accuracy,geometric_mean
mixed_CS=T,systematic,0.950000,50,0.830000,7.916667,0.000000,0.008264,0.466556,0.043705,0.926316,0.960000,0.928000,0.943008
Unlu_CS=T,systematic,0.950000,50,0.830000,25.660000,0.000000,0.360441,0.782314,0.088734,0.998947,0.560000,0.977000,0.747938
