Methods,Pattern Name,Imbalanced Ratio,Time Window,Abnormality Value,ARLIDX,USP,TASRID,TAR,loss,specificity,sensitivity,accuracy,geometric_mean
mixed_CS=T,systematic,0.950000,80,1.730000,10.200000,0.000000,0.008264,0.461047,0.003518,1.000000,0.980000,0.999000,0.989950
Unlu_CS=T,systematic,0.950000,80,1.730000,58.550000,0.000000,0.211295,0.513196,0.271543,1.000000,0.380000,0.969000,0.616441
