Methods,Pattern Name,Imbalanced Ratio,Time Window,Abnormality Value,ARLIDX,USP,TASRID,TAR,loss,specificity,sensitivity,accuracy,geometric_mean
mixed_CS=T,systematic,0.950000,80,0.830000,11.366667,0.000000,0.008264,0.452865,0.018082,0.980000,0.980000,0.980000,0.980000
Unlu_CS=T,systematic,0.950000,80,0.830000,41.973244,0.003333,0.152837,0.599008,0.091410,0.997895,0.580000,0.977000,0.760775
