Methods,Pattern Name,Imbalanced Ratio,Time Window,Abnormality Value,ARLIDX,USP,TASRID,TAR,loss,specificity,sensitivity,accuracy,geometric_mean
mixed_CS=T,systematic,0.950000,80,1.280000,8.596667,0.000000,0.008264,0.468182,0.000899,1.000000,1.000000,1.000000,1.000000
Unlu_CS=T,systematic,0.950000,80,1.280000,29.450000,0.000000,0.108678,0.734656,0.094372,1.000000,0.600000,0.980000,0.774597
