Methods,Pattern Name,Imbalanced Ratio,Time Window,Abnormality Value,ARLIDX,USP,TASRID,TAR,loss,specificity,sensitivity,accuracy,geometric_mean
mixed_CS=T,systematic,0.950000,50,0.530000,7.590000,0.000000,0.008292,0.451570,0.084556,0.889474,0.900000,0.890000,0.894721
Unlu_CS=T,systematic,0.950000,50,0.530000,49.421875,0.146667,0.084656,0.240165,0.204242,0.975789,0.180000,0.936000,0.419097
