Methods,Pattern Name,Imbalanced Ratio,Time Window,Abnormality Value,ARLIDX,USP,TASRID,TAR,loss,specificity,sensitivity,accuracy,geometric_mean
mixed_CS=T,systematic,0.950000,80,0.230000,7.773333,0.000000,0.008264,0.389063,0.134418,0.722105,0.780000,0.725000,0.750495
Unlu_CS=T,systematic,0.950000,80,0.230000,32.615385,0.046667,0.056088,0.169642,0.534489,0.866316,0.240000,0.835000,0.455978
