Methods,Pattern Name,Imbalanced Ratio,Time Window,Abnormality Value,ARLIDX,USP,TASRID,TAR,loss,specificity,sensitivity,accuracy,geometric_mean
mixed_CS=T,systematic,0.950000,30,0.530000,5.273333,0.000000,0.009201,0.437466,0.106093,0.829474,0.720000,0.824000,0.772801
Unlu_CS=T,systematic,0.950000,30,0.530000,28.573826,0.006667,0.092948,0.358540,0.311720,0.935789,0.240000,0.901000,0.473909
