Methods,Pattern Name,Imbalanced Ratio,Time Window,Abnormality Value,ARLIDX,USP,TASRID,TAR,loss,specificity,sensitivity,accuracy,geometric_mean
mixed_CS=T,systematic,0.950000,30,0.005000,3.556667,0.000000,0.019642,0.392287,0.168243,0.618947,0.420000,0.609000,0.509861
Unlu_CS=T,systematic,0.950000,30,0.005000,7.560000,0.000000,0.061240,0.368788,0.678450,0.626316,0.360000,0.613000,0.474841
