Methods,Pattern Name,Imbalanced Ratio,Time Window,Abnormality Value,ARLIDX,USP,TASRID,TAR,loss,specificity,sensitivity,accuracy,geometric_mean
mixed_CS=T,systematic,0.950000,30,0.905000,6.363333,0.000000,0.008264,0.464408,0.044191,0.944211,0.940000,0.944000,0.942103
Unlu_CS=T,systematic,0.950000,30,0.905000,19.193333,0.000000,0.549504,0.802176,0.111035,0.996842,0.480000,0.971000,0.691725
