Methods,Pattern Name,Imbalanced Ratio,Time Window,Abnormality Value,ARLIDX,USP,TASRID,TAR,loss,specificity,sensitivity,accuracy,geometric_mean
mixed_CS=T,systematic,0.950000,80,1.130000,10.033333,0.000000,0.008264,0.460386,0.002267,0.997895,0.980000,0.997000,0.988907
Unlu_CS=T,systematic,0.950000,80,1.130000,43.606667,0.000000,0.133802,0.624132,0.114399,1.000000,0.460000,0.973000,0.678233
