Methods,Pattern Name,Imbalanced Ratio,Time Window,Abnormality Value,ARLIDX,USP,TASRID,TAR,loss,specificity,sensitivity,accuracy,geometric_mean
mixed_CS=T,systematic,0.950000,30,0.605000,8.133333,0.000000,0.008264,0.439835,0.088611,0.861053,0.700000,0.853000,0.776361
Unlu_CS=T,systematic,0.950000,30,0.605000,25.758389,0.006667,0.135207,0.466061,0.331745,0.931579,0.280000,0.899000,0.510727
