Methods,Pattern Name,Imbalanced Ratio,Time Window,Abnormality Value,ARLIDX,USP,TASRID,TAR,loss,specificity,sensitivity,accuracy,geometric_mean
mixed_CS=T,systematic,0.950000,30,0.830000,5.640000,0.000000,0.008264,0.472645,0.072985,0.897895,0.900000,0.898000,0.898947
Unlu_CS=T,systematic,0.950000,30,0.830000,21.693333,0.000000,0.150909,0.599284,0.176000,0.978947,0.200000,0.940000,0.442481
