Methods,Pattern Name,Imbalanced Ratio,Time Window,Abnormality Value,ARLIDX,USP,TASRID,TAR,loss,specificity,sensitivity,accuracy,geometric_mean
mixed_CS=T,systematic,0.950000,50,1.280000,7.980000,0.000000,0.008320,0.469725,0.001238,0.998947,0.980000,0.998000,0.989428
Unlu_CS=T,systematic,0.950000,50,1.280000,26.440000,0.000000,0.168705,0.763168,0.149362,1.000000,0.460000,0.973000,0.678233
