Methods,Pattern Name,Imbalanced Ratio,Time Window,Abnormality Value,ARLIDX,USP,TASRID,TAR,loss,specificity,sensitivity,accuracy,geometric_mean
mixed_CS=T,systematic,0.950000,50,0.980000,8.526667,0.000000,0.008485,0.492562,0.017656,0.978947,0.940000,0.977000,0.959276
Unlu_CS=T,systematic,0.950000,50,0.980000,30.546667,0.000000,0.156198,0.656391,0.125291,1.000000,0.400000,0.970000,0.632456
