Methods,Pattern Name,Imbalanced Ratio,Time Window,Abnormality Value,ARLIDX,USP,TASRID,TAR,loss,specificity,sensitivity,accuracy,geometric_mean
mixed_CS=T,systematic,0.900000,30,1.505000,4.353333,0.000000,0.008264,0.485840,0.019493,0.977778,0.990000,0.979000,0.983870
Unlu_CS=T,systematic,0.900000,30,1.505000,10.633333,0.000000,0.258595,0.899972,0.127703,0.996667,0.670000,0.964000,0.817170
