Methods,Pattern Name,Imbalanced Ratio,Time Window,Abnormality Value,ARLIDX,USP,TASRID,TAR,loss,specificity,sensitivity,accuracy,geometric_mean
mixed_CS=T,systematic,0.900000,30,0.605000,5.333333,0.000000,0.009642,0.561212,0.098247,0.843333,0.740000,0.833000,0.789979
Unlu_CS=T,systematic,0.900000,30,0.605000,22.916667,0.000000,0.077383,0.459477,0.314524,0.958889,0.290000,0.892000,0.527331
