Methods,Pattern Name,Imbalanced Ratio,Time Window,Abnormality Value,ARLIDX,USP,TASRID,TAR,loss,specificity,sensitivity,accuracy,geometric_mean
mixed_CS=T,systematic,0.900000,50,1.130000,5.990000,0.000000,0.008264,0.477135,0.024522,0.956667,0.990000,0.960000,0.973191
Unlu_CS=T,systematic,0.900000,50,1.130000,20.963333,0.000000,0.075537,0.796309,0.221666,1.000000,0.520000,0.952000,0.721110
