Methods,Pattern Name,Imbalanced Ratio,Time Window,Abnormality Value,ARLIDX,USP,TASRID,TAR,loss,specificity,sensitivity,accuracy,geometric_mean
mixed_CS=T,systematic,0.900000,30,0.230000,2.286667,0.000000,0.008567,0.410606,0.162805,0.630000,0.690000,0.636000,0.659318
Unlu_CS=T,systematic,0.900000,30,0.230000,30.922807,0.050000,0.024022,0.124325,0.602325,0.873333,0.140000,0.800000,0.349667
