Methods,Pattern Name,Imbalanced Ratio,Time Window,Abnormality Value,ARLIDX,USP,TASRID,TAR,loss,specificity,sensitivity,accuracy,geometric_mean
mixed_CS=T,systematic,0.900000,50,0.905000,7.346667,0.000000,0.008264,0.469256,0.025233,0.974444,0.920000,0.969000,0.946831
Unlu_CS=T,systematic,0.900000,50,0.905000,21.843333,0.000000,0.254380,0.799752,0.162281,0.996667,0.620000,0.959000,0.786087
