Methods,Pattern Name,Imbalanced Ratio,Time Window,Abnormality Value,ARLIDX,USP,TASRID,TAR,loss,specificity,sensitivity,accuracy,geometric_mean
mixed_CS=T,systematic,0.900000,30,1.055000,5.426667,0.000000,0.008264,0.480138,0.053774,0.927778,0.890000,0.924000,0.908693
Unlu_CS=T,systematic,0.900000,30,1.055000,13.323333,0.000000,0.211350,0.844435,0.186258,0.991111,0.560000,0.948000,0.744998
