Methods,Pattern Name,Imbalanced Ratio,Time Window,Abnormality Value,ARLIDX,USP,TASRID,TAR,loss,specificity,sensitivity,accuracy,geometric_mean
mixed_CS=T,systematic,0.900000,50,0.230000,3.393333,0.000000,0.008760,0.408430,0.160506,0.656667,0.680000,0.659000,0.668231
Unlu_CS=T,systematic,0.900000,50,0.230000,12.790000,0.000000,0.030083,0.241846,0.615173,0.790000,0.250000,0.736000,0.444410
