Methods,Pattern Name,Imbalanced Ratio,Time Window,Abnormality Value,ARLIDX,USP,TASRID,TAR,loss,specificity,sensitivity,accuracy,geometric_mean
mixed_CS=T,systematic,0.900000,30,1.280000,4.686667,0.000000,0.008264,0.483278,0.034243,0.955556,0.930000,0.953000,0.942691
Unlu_CS=T,systematic,0.900000,30,1.280000,11.376667,0.000000,0.263306,0.883306,0.186266,0.996667,0.570000,0.954000,0.753724
