Methods,Pattern Name,Imbalanced Ratio,Time Window,Abnormality Value,ARLIDX,USP,TASRID,TAR,loss,specificity,sensitivity,accuracy,geometric_mean
mixed_CS=T,systematic,0.900000,50,1.355000,6.506667,0.000000,0.008264,0.476529,0.003675,0.996667,0.980000,0.995000,0.988298
Unlu_CS=T,systematic,0.900000,50,1.355000,17.796667,0.000000,0.111460,0.832700,0.186021,0.997778,0.570000,0.955000,0.754144
