Methods,Pattern Name,Imbalanced Ratio,Time Window,Abnormality Value,ARLIDX,USP,TASRID,TAR,loss,specificity,sensitivity,accuracy,geometric_mean
mixed_CS=T,systematic,0.900000,30,0.830000,4.863333,0.000000,0.008264,0.477190,0.073133,0.886667,0.900000,0.888000,0.893308
Unlu_CS=T,systematic,0.900000,30,0.830000,17.203333,0.000000,0.459917,0.828733,0.210623,0.985556,0.510000,0.938000,0.708966
