Methods,Pattern Name,Imbalanced Ratio,Time Window,Abnormality Value,ARLIDX,USP,TASRID,TAR,loss,specificity,sensitivity,accuracy,geometric_mean
mixed_CS=T,systematic,0.900000,80,0.530000,13.616667,0.000000,0.008264,0.432672,0.055580,0.920000,0.890000,0.917000,0.904876
Unlu_CS=T,systematic,0.900000,80,0.530000,51.180000,0.000000,0.132645,0.532948,0.244818,0.995556,0.450000,0.941000,0.669328
