Methods,Pattern Name,Imbalanced Ratio,Time Window,Abnormality Value,ARLIDX,USP,TASRID,TAR,loss,specificity,sensitivity,accuracy,geometric_mean
mixed_CS=T,systematic,0.900000,50,0.305000,5.046667,0.000000,0.008347,0.401598,0.134829,0.748889,0.740000,0.748000,0.744431
Unlu_CS=T,systematic,0.900000,50,0.305000,36.526882,0.070000,0.037080,0.170275,0.553205,0.913333,0.140000,0.836000,0.357585
