Methods,Pattern Name,Imbalanced Ratio,Time Window,Abnormality Value,ARLIDX,USP,TASRID,TAR,loss,specificity,sensitivity,accuracy,geometric_mean
mixed_CS=T,systematic,0.900000,50,1.055000,5.686667,0.000000,0.008264,0.475950,0.020058,0.964444,0.980000,0.966000,0.972191
Unlu_CS=T,systematic,0.900000,50,1.055000,19.326667,0.000000,0.125317,0.818209,0.149100,0.998889,0.610000,0.960000,0.780591
