Methods,Pattern Name,Imbalanced Ratio,Time Window,Abnormality Value,ARLIDX,USP,TASRID,TAR,loss,specificity,sensitivity,accuracy,geometric_mean
mixed_CS=T,systematic,0.900000,50,0.155000,3.403333,0.000000,0.009945,0.344656,0.160348,0.647778,0.430000,0.626000,0.527773
Unlu_CS=T,systematic,0.900000,50,0.155000,13.715719,0.003333,0.045096,0.260496,0.622888,0.738889,0.210000,0.686000,0.393912
