Methods,Pattern Name,Imbalanced Ratio,Time Window,Abnormality Value,ARLIDX,USP,TASRID,TAR,loss,specificity,sensitivity,accuracy,geometric_mean
mixed_CS=T,systematic,0.900000,80,1.280000,8.346667,0.000000,0.008264,0.469394,0.005066,0.995556,1.000000,0.996000,0.997775
Unlu_CS=T,systematic,0.900000,80,1.280000,26.483333,0.000000,0.025399,0.734904,0.210710,1.000000,0.600000,0.960000,0.774597
