Methods,Pattern Name,Imbalanced Ratio,Time Window,Abnormality Value,ARLIDX,USP,TASRID,TAR,loss,specificity,sensitivity,accuracy,geometric_mean
mixed_CS=T,systematic,0.900000,80,1.505000,8.033333,0.000000,0.008264,0.470882,0.001602,1.000000,0.990000,0.999000,0.994987
Unlu_CS=T,systematic,0.900000,80,1.505000,29.416667,0.000000,0.016639,0.721129,0.340854,1.000000,0.600000,0.960000,0.774597
