Methods,Pattern Name,Imbalanced Ratio,Time Window,Abnormality Value,ARLIDX,USP,TASRID,TAR,loss,specificity,sensitivity,accuracy,geometric_mean
mixed_CS=T,systematic,0.900000,80,0.305000,6.870000,0.000000,0.008264,0.415923,0.114433,0.786667,0.790000,0.787000,0.788332
Unlu_CS=T,systematic,0.900000,80,0.305000,56.639098,0.556667,0.031240,0.067383,0.501470,0.978889,0.060000,0.887000,0.242350
