Methods,Pattern Name,Imbalanced Ratio,Time Window,Abnormality Value,ARLIDX,USP,TASRID,TAR,loss,specificity,sensitivity,accuracy,geometric_mean
mixed_CS=T,systematic,0.900000,50,0.980000,7.526667,0.000000,0.008264,0.470441,0.018715,0.977778,0.970000,0.977000,0.973881
Unlu_CS=T,systematic,0.900000,50,0.980000,19.556667,0.000000,0.120716,0.803719,0.152363,0.998889,0.630000,0.962000,0.793284
