Methods,Pattern Name,Imbalanced Ratio,Time Window,Abnormality Value,ARLIDX,USP,TASRID,TAR,loss,specificity,sensitivity,accuracy,geometric_mean
mixed_CS=T,systematic,0.900000,50,0.455000,6.956667,0.000000,0.008264,0.427713,0.105010,0.828889,0.840000,0.830000,0.834426
Unlu_CS=T,systematic,0.900000,50,0.455000,27.446667,0.000000,0.008430,0.488678,0.232025,0.968889,0.550000,0.927000,0.729992
