Methods,Pattern Name,Imbalanced Ratio,Time Window,Abnormality Value,ARLIDX,USP,TASRID,TAR,loss,specificity,sensitivity,accuracy,geometric_mean
mixed_CS=T,systematic,0.900000,50,0.005000,2.163333,0.000000,0.021928,0.530165,0.175607,0.477778,0.570000,0.487000,0.521856
Unlu_CS=T,systematic,0.900000,50,0.005000,8.776667,0.000000,0.107383,0.510826,0.678180,0.503333,0.560000,0.509000,0.530911
