Methods,Pattern Name,Imbalanced Ratio,Time Window,Abnormality Value,ARLIDX,USP,TASRID,TAR,loss,specificity,sensitivity,accuracy,geometric_mean
mixed_CS=T,systematic,0.900000,80,0.380000,12.866667,0.000000,0.008264,0.398237,0.091865,0.876667,0.840000,0.873000,0.858137
Unlu_CS=T,systematic,0.900000,80,0.380000,43.996610,0.016667,0.033829,0.459118,0.249049,0.968889,0.480000,0.920000,0.681958
