Methods,Pattern Name,Imbalanced Ratio,Time Window,Abnormality Value,ARLIDX,USP,TASRID,TAR,loss,specificity,sensitivity,accuracy,geometric_mean
mixed_CS=T,systematic,0.900000,30,0.455000,5.693333,0.000000,0.008292,0.396667,0.110908,0.823333,0.700000,0.811000,0.759166
Unlu_CS=T,systematic,0.900000,30,0.455000,24.240678,0.016667,0.067493,0.344160,0.444342,0.915556,0.280000,0.852000,0.506316
