Methods,Pattern Name,Imbalanced Ratio,Time Window,Abnormality Value,ARLIDX,USP,TASRID,TAR,loss,specificity,sensitivity,accuracy,geometric_mean
mixed_CS=T,systematic,0.900000,80,1.430000,10.173333,0.000000,0.008264,0.461956,0.000133,1.000000,1.000000,1.000000,1.000000
Unlu_CS=T,systematic,0.900000,80,1.430000,22.000000,0.000000,0.037493,0.780220,0.190185,1.000000,0.730000,0.973000,0.854400
