Methods,Pattern Name,Imbalanced Ratio,Time Window,Abnormality Value,ARLIDX,USP,TASRID,TAR,loss,specificity,sensitivity,accuracy,geometric_mean
mixed_CS=T,systematic,0.900000,50,0.080000,1.700000,0.000000,0.010854,0.498099,0.181527,0.496667,0.570000,0.504000,0.532071
Unlu_CS=T,systematic,0.900000,50,0.080000,5.256667,0.000000,0.051185,0.414408,0.677206,0.587778,0.420000,0.571000,0.496857
