Methods,Pattern Name,Imbalanced Ratio,Time Window,Abnormality Value,ARLIDX,USP,TASRID,TAR,loss,specificity,sensitivity,accuracy,geometric_mean
mixed_CS=T,systematic,0.900000,50,0.830000,8.270000,0.000000,0.008264,0.464711,0.038330,0.944444,0.910000,0.941000,0.927062
Unlu_CS=T,systematic,0.900000,50,0.830000,28.670000,0.000000,0.085317,0.742645,0.255319,0.994444,0.420000,0.937000,0.646271
