Methods,Pattern Name,Imbalanced Ratio,Time Window,Abnormality Value,ARLIDX,USP,TASRID,TAR,loss,specificity,sensitivity,accuracy,geometric_mean
mixed_CS=T,systematic,0.900000,30,1.205000,4.713333,0.000000,0.008264,0.560413,0.034638,0.951111,0.950000,0.951000,0.950555
Unlu_CS=T,systematic,0.900000,30,1.205000,17.010000,0.000000,0.555758,0.859697,0.268242,0.997778,0.510000,0.949000,0.713349
