Methods,Pattern Name,Imbalanced Ratio,Time Window,Abnormality Value,ARLIDX,USP,TASRID,TAR,loss,specificity,sensitivity,accuracy,geometric_mean
mixed_CS=T,systematic,0.900000,50,0.680000,7.886667,0.000000,0.008264,0.456997,0.047250,0.926667,0.950000,0.929000,0.938261
Unlu_CS=T,systematic,0.900000,50,0.680000,28.923333,0.000000,0.274077,0.722590,0.198771,0.995556,0.560000,0.952000,0.746667
