Methods,Pattern Name,Imbalanced Ratio,Time Window,Abnormality Value,ARLIDX,USP,TASRID,TAR,loss,specificity,sensitivity,accuracy,geometric_mean
mixed_CS=T,systematic,0.900000,30,1.430000,5.073333,0.000000,0.008264,0.482645,0.011235,0.988889,0.960000,0.986000,0.974337
Unlu_CS=T,systematic,0.900000,30,1.430000,12.893333,0.000000,0.157383,0.873085,0.200257,1.000000,0.560000,0.956000,0.748331
