Methods,Pattern Name,Imbalanced Ratio,Time Window,Abnormality Value,ARLIDX,USP,TASRID,TAR,loss,specificity,sensitivity,accuracy,geometric_mean
mixed_CS=T,systematic,0.900000,80,0.080000,3.106667,0.000000,0.009642,0.338898,0.156661,0.666667,0.380000,0.638000,0.503322
Unlu_CS=T,systematic,0.900000,80,0.080000,9.053333,0.000000,0.118264,0.449587,0.686336,0.535556,0.440000,0.526000,0.485432
