Methods,Pattern Name,Imbalanced Ratio,Time Window,Abnormality Value,ARLIDX,USP,TASRID,TAR,loss,specificity,sensitivity,accuracy,geometric_mean
mixed_CS=T,systematic,0.900000,80,1.055000,10.360000,0.000000,0.008264,0.460441,0.007709,0.994444,0.970000,0.992000,0.982146
Unlu_CS=T,systematic,0.900000,80,1.055000,34.850000,0.000000,0.029421,0.656970,0.207264,1.000000,0.450000,0.945000,0.670820
