Methods,Pattern Name,Imbalanced Ratio,Time Window,Abnormality Value,ARLIDX,USP,TASRID,TAR,loss,specificity,sensitivity,accuracy,geometric_mean
mixed_CS=T,systematic,0.900000,30,0.755000,5.333333,0.000000,0.008292,0.462507,0.095991,0.855556,0.920000,0.862000,0.887193
Unlu_CS=T,systematic,0.900000,30,0.755000,19.506667,0.000000,0.370744,0.765675,0.211142,0.997778,0.430000,0.941000,0.655015
