Methods,Pattern Name,Imbalanced Ratio,Time Window,Abnormality Value,ARLIDX,USP,TASRID,TAR,loss,specificity,sensitivity,accuracy,geometric_mean
mixed_CS=T,systematic,0.900000,30,0.680000,5.593333,0.000000,0.008264,0.455923,0.087002,0.885556,0.910000,0.888000,0.897695
Unlu_CS=T,systematic,0.900000,30,0.680000,25.676667,0.000000,0.061129,0.417410,0.326052,0.978889,0.170000,0.898000,0.407935
