Methods,Pattern Name,Imbalanced Ratio,Time Window,Abnormality Value,ARLIDX,USP,TASRID,TAR,loss,specificity,sensitivity,accuracy,geometric_mean
mixed_CS=T,systematic,0.900000,30,0.305000,3.680000,0.000000,0.008733,0.377576,0.138321,0.722222,0.700000,0.720000,0.711024
Unlu_CS=T,systematic,0.900000,30,0.305000,29.748276,0.033333,0.030331,0.148760,0.580644,0.910000,0.070000,0.826000,0.252389
