Methods,Pattern Name,Imbalanced Ratio,Time Window,Abnormality Value,ARLIDX,USP,TASRID,TAR,loss,specificity,sensitivity,accuracy,geometric_mean
mixed_CS=T,systematic,0.900000,80,0.155000,3.106667,0.000000,0.009008,0.400579,0.160358,0.598889,0.710000,0.610000,0.652082
Unlu_CS=T,systematic,0.900000,80,0.155000,13.883333,0.000000,0.069862,0.330138,0.680372,0.674444,0.320000,0.639000,0.464567
