Methods,Pattern Name,Imbalanced Ratio,Time Window,Abnormality Value,ARLIDX,USP,TASRID,TAR,loss,specificity,sensitivity,accuracy,geometric_mean
mixed_CS=T,systematic,0.900000,30,0.380000,4.096667,0.000000,0.009229,0.409587,0.151573,0.750000,0.660000,0.741000,0.703562
Unlu_CS=T,systematic,0.900000,30,0.380000,23.813559,0.016667,0.057686,0.285592,0.496137,0.926667,0.170000,0.851000,0.396905
