Methods,Pattern Name,Imbalanced Ratio,Time Window,Abnormality Value,ARLIDX,USP,TASRID,TAR,loss,specificity,sensitivity,accuracy,geometric_mean
mixed_CS=T,systematic,0.900000,80,1.205000,9.426667,0.000000,0.008264,0.464573,0.001909,1.000000,0.990000,0.999000,0.994987
Unlu_CS=T,systematic,0.900000,80,1.205000,30.940000,0.000000,0.025179,0.691736,0.241371,1.000000,0.510000,0.951000,0.714143
