Methods,Pattern Name,Imbalanced Ratio,Time Window,Abnormality Value,ARLIDX,USP,TASRID,TAR,loss,specificity,sensitivity,accuracy,geometric_mean
mixed_CS=T,systematic,0.900000,80,0.830000,10.033333,0.000000,0.008264,0.457713,0.020385,0.972222,0.960000,0.971000,0.966092
Unlu_CS=T,systematic,0.900000,80,0.830000,38.290000,0.000000,0.032975,0.587190,0.208329,0.996667,0.440000,0.941000,0.662219
