Methods,Pattern Name,Imbalanced Ratio,Time Window,Abnormality Value,ARLIDX,USP,TASRID,TAR,loss,specificity,sensitivity,accuracy,geometric_mean
mixed_CS=T,systematic,0.900000,50,1.430000,7.496667,0.000000,0.008292,0.472479,0.004767,0.998889,0.990000,0.998000,0.994435
Unlu_CS=T,systematic,0.900000,50,1.430000,20.216667,0.000000,0.099697,0.812452,0.216746,1.000000,0.560000,0.956000,0.748331
