Methods,Pattern Name,Imbalanced Ratio,Time Window,Abnormality Value,ARLIDX,USP,TASRID,TAR,loss,specificity,sensitivity,accuracy,geometric_mean
mixed_CS=T,systematic,0.900000,50,0.530000,7.700000,0.000000,0.008264,0.447300,0.080262,0.878889,0.810000,0.872000,0.843742
Unlu_CS=T,systematic,0.900000,50,0.530000,33.914676,0.023333,0.067713,0.395482,0.324283,0.967778,0.250000,0.896000,0.491878
