Methods,Pattern Name,Imbalanced Ratio,Time Window,Abnormality Value,ARLIDX,USP,TASRID,TAR,loss,specificity,sensitivity,accuracy,geometric_mean
mixed_CS=T,systematic,0.900000,30,0.005000,2.956667,0.000000,0.028953,0.441322,0.178636,0.575556,0.460000,0.564000,0.514544
Unlu_CS=T,systematic,0.900000,30,0.005000,3.630000,0.000000,0.063857,0.522948,0.689387,0.463333,0.460000,0.463000,0.461664
