Methods,Pattern Name,Imbalanced Ratio,Time Window,Abnormality Value,ARLIDX,USP,TASRID,TAR,loss,specificity,sensitivity,accuracy,geometric_mean
mixed_CS=T,systematic,0.900000,50,0.755000,9.093333,0.000000,0.008264,0.455895,0.031692,0.965556,0.910000,0.960000,0.937366
Unlu_CS=T,systematic,0.900000,50,0.755000,26.186667,0.000000,0.336694,0.772149,0.199684,0.995556,0.560000,0.952000,0.746667
