Methods,Pattern Name,Imbalanced Ratio,Time Window,Abnormality Value,ARLIDX,USP,TASRID,TAR,loss,specificity,sensitivity,accuracy,geometric_mean
mixed_CS=T,systematic,0.900000,80,1.130000,10.513333,0.000000,0.008264,0.459146,0.002081,0.998889,1.000000,0.999000,0.999444
Unlu_CS=T,systematic,0.900000,80,1.130000,27.296667,0.000000,0.056997,0.721543,0.143244,1.000000,0.640000,0.964000,0.800000
