Methods,Pattern Name,Imbalanced Ratio,Time Window,Abnormality Value,ARLIDX,USP,TASRID,TAR,loss,specificity,sensitivity,accuracy,geometric_mean
mixed_CS=T,systematic,0.900000,30,1.355000,4.526667,0.000000,0.008264,0.485399,0.021399,0.964444,0.970000,0.965000,0.967218
Unlu_CS=T,systematic,0.900000,30,1.355000,10.793333,0.000000,0.233609,0.887961,0.164268,0.998889,0.620000,0.961000,0.786963
