Methods,Pattern Name,Imbalanced Ratio,Time Window,Abnormality Value,ARLIDX,USP,TASRID,TAR,loss,specificity,sensitivity,accuracy,geometric_mean
mixed_CS=T,systematic,0.900000,80,0.905000,10.336667,0.000000,0.008264,0.458347,0.009548,0.984444,0.970000,0.983000,0.977196
Unlu_CS=T,systematic,0.900000,80,0.905000,29.416667,0.000000,0.080248,0.718320,0.228667,0.998889,0.610000,0.960000,0.780591
