Methods,Pattern Name,Imbalanced Ratio,Time Window,Abnormality Value,ARLIDX,USP,TASRID,TAR,loss,specificity,sensitivity,accuracy,geometric_mean
mixed_CS=T,systematic,0.900000,30,0.080000,4.213333,0.000000,0.040358,0.448017,0.181594,0.563333,0.400000,0.547000,0.474693
Unlu_CS=T,systematic,0.900000,30,0.080000,13.352349,0.006667,0.071267,0.285455,0.680647,0.722222,0.280000,0.678000,0.449691
