Methods,Pattern Name,Imbalanced Ratio,Time Window,Abnormality Value,ARLIDX,USP,TASRID,TAR,loss,specificity,sensitivity,accuracy,geometric_mean
mixed_CS=T,stratification,0.950000,30,0.605000,16.590000,0.000000,0.037107,0.342011,0.131969,0.900000,0.320000,0.871000,0.536656
Unlu_CS=T,stratification,0.950000,30,0.605000,26.756757,0.013333,0.034325,0.174435,0.263183,0.964211,0.100000,0.921000,0.310517
