Methods,Pattern Name,Imbalanced Ratio,Time Window,Abnormality Value,ARLIDX,USP,TASRID,TAR,loss,specificity,sensitivity,accuracy,geometric_mean
mixed_CS=T,stratification,0.950000,80,1.505000,7.560000,0.000000,0.394408,0.925537,0.010451,0.983158,1.000000,0.984000,0.991543
Unlu_CS=T,stratification,0.950000,80,1.505000,40.753333,0.000000,0.567713,0.668650,0.198679,1.000000,0.560000,0.978000,0.748331
