Methods,Pattern Name,Imbalanced Ratio,Time Window,Abnormality Value,ARLIDX,USP,TASRID,TAR,loss,specificity,sensitivity,accuracy,geometric_mean
mixed_CS=T,stratification,0.950000,30,0.455000,5.396667,0.000000,0.035152,0.372755,0.154829,0.648421,0.400000,0.636000,0.509282
Unlu_CS=T,stratification,0.950000,30,0.455000,16.956522,0.003333,0.021212,0.170220,0.398574,0.890526,0.120000,0.852000,0.326899
