Methods,Pattern Name,Imbalanced Ratio,Time Window,Abnormality Value,ARLIDX,USP,TASRID,TAR,loss,specificity,sensitivity,accuracy,geometric_mean
mixed_CS=T,stratification,0.950000,30,1.430000,8.160000,0.000000,0.163829,0.829697,0.084739,0.949474,0.860000,0.945000,0.903630
Unlu_CS=T,stratification,0.950000,30,1.430000,11.480000,0.000000,0.031736,0.593471,0.093477,0.995789,0.500000,0.971000,0.705617
