Methods,Pattern Name,Imbalanced Ratio,Time Window,Abnormality Value,ARLIDX,USP,TASRID,TAR,loss,specificity,sensitivity,accuracy,geometric_mean
mixed_CS=T,stratification,0.950000,30,0.380000,4.260000,0.000000,0.036391,0.430248,0.171963,0.612632,0.360000,0.600000,0.469625
Unlu_CS=T,stratification,0.950000,30,0.380000,13.616667,0.000000,0.027466,0.206143,0.448816,0.864211,0.220000,0.832000,0.436035
