Methods,Pattern Name,Imbalanced Ratio,Time Window,Abnormality Value,ARLIDX,USP,TASRID,TAR,loss,specificity,sensitivity,accuracy,geometric_mean
mixed_CS=T,stratification,0.950000,50,1.205000,12.273333,0.000000,0.383388,0.840854,0.051693,0.977895,0.660000,0.962000,0.803374
Unlu_CS=T,stratification,0.950000,50,1.205000,27.800000,0.000000,0.149449,0.621212,0.133675,0.988421,0.280000,0.953000,0.526078
