Methods,Pattern Name,Imbalanced Ratio,Time Window,Abnormality Value,ARLIDX,USP,TASRID,TAR,loss,specificity,sensitivity,accuracy,geometric_mean
mixed_CS=T,stratification,0.950000,80,0.755000,5.560000,0.000000,0.203085,0.807438,0.106040,0.838947,0.640000,0.829000,0.732753
Unlu_CS=T,stratification,0.950000,80,0.755000,53.434629,0.056667,0.042810,0.133581,0.221537,0.993684,0.000000,0.944000,0.000000
