Methods,Pattern Name,Imbalanced Ratio,Time Window,Abnormality Value,ARLIDX,USP,TASRID,TAR,loss,specificity,sensitivity,accuracy,geometric_mean
mixed_CS=T,stratification,0.950000,30,1.055000,16.676667,0.000000,0.071295,0.425427,0.062838,0.990526,0.340000,0.958000,0.580327
Unlu_CS=T,stratification,0.950000,30,1.055000,21.533333,0.000000,0.132149,0.557576,0.161689,0.989474,0.220000,0.951000,0.466566
