Methods,Pattern Name,Imbalanced Ratio,Time Window,Abnormality Value,ARLIDX,USP,TASRID,TAR,loss,specificity,sensitivity,accuracy,geometric_mean
mixed_CS=T,stratification,0.950000,30,0.305000,6.806667,0.000000,0.080882,0.473085,0.176483,0.518947,0.640000,0.525000,0.576304
Unlu_CS=T,stratification,0.950000,30,0.305000,11.070000,0.000000,0.051074,0.273168,0.537169,0.757895,0.240000,0.732000,0.426491
