Methods,Pattern Name,Imbalanced Ratio,Time Window,Abnormality Value,ARLIDX,USP,TASRID,TAR,loss,specificity,sensitivity,accuracy,geometric_mean
mixed_CS=T,stratification,0.950000,80,1.355000,12.953333,0.000000,0.174435,0.828981,0.038628,0.975789,0.740000,0.964000,0.849755
Unlu_CS=T,stratification,0.950000,80,1.355000,46.070000,0.000000,0.457851,0.614132,0.096373,1.000000,0.660000,0.983000,0.812404
