Methods,Pattern Name,Imbalanced Ratio,Time Window,Abnormality Value,ARLIDX,USP,TASRID,TAR,loss,specificity,sensitivity,accuracy,geometric_mean
mixed_CS=T,stratification,0.950000,80,1.055000,10.393333,0.000000,0.019118,0.606667,0.067252,0.917895,0.680000,0.906000,0.790043
Unlu_CS=T,stratification,0.950000,80,1.055000,65.224066,0.196667,0.113912,0.217576,0.146169,0.998947,0.340000,0.966000,0.582788
