Methods,Pattern Name,Imbalanced Ratio,Time Window,Abnormality Value,ARLIDX,USP,TASRID,TAR,loss,specificity,sensitivity,accuracy,geometric_mean
mixed_CS=T,stratification,0.950000,50,1.730000,7.080000,0.000000,0.680964,0.930937,0.021296,0.984211,0.960000,0.983000,0.972030
Unlu_CS=T,stratification,0.950000,50,1.730000,23.646667,0.000000,0.576694,0.790496,0.145703,1.000000,0.580000,0.979000,0.761577
