Methods,Pattern Name,Imbalanced Ratio,Time Window,Abnormality Value,ARLIDX,USP,TASRID,TAR,loss,specificity,sensitivity,accuracy,geometric_mean
mixed_CS=T,stratification,0.950000,80,1.805000,3.203333,0.000000,0.900937,0.980275,0.021663,1.000000,0.860000,0.993000,0.927362
Unlu_CS=T,stratification,0.950000,80,1.805000,29.623333,0.000000,0.455592,0.756061,0.147454,1.000000,0.640000,0.982000,0.800000
