Methods,Pattern Name,Imbalanced Ratio,Time Window,Abnormality Value,ARLIDX,USP,TASRID,TAR,loss,specificity,sensitivity,accuracy,geometric_mean
mixed_CS=T,stratification,0.950000,80,1.280000,21.670000,0.000000,0.347796,0.791846,0.024610,0.975789,0.880000,0.971000,0.926658
Unlu_CS=T,stratification,0.950000,80,1.280000,43.270000,0.000000,0.412920,0.641047,0.121047,1.000000,0.560000,0.978000,0.748331
