Methods,Pattern Name,Imbalanced Ratio,Time Window,Abnormality Value,ARLIDX,USP,TASRID,TAR,loss,specificity,sensitivity,accuracy,geometric_mean
mixed_CS=T,stratification,0.950000,50,0.755000,25.698997,0.003333,0.057328,0.323196,0.078806,0.964211,0.260000,0.929000,0.500694
Unlu_CS=T,stratification,0.950000,50,0.755000,56.683453,0.073333,0.064298,0.185152,0.187977,0.993684,0.080000,0.948000,0.281948
