Methods,Pattern Name,Imbalanced Ratio,Time Window,Abnormality Value,ARLIDX,USP,TASRID,TAR,loss,specificity,sensitivity,accuracy,geometric_mean
mixed_CS=T,stratification,0.950000,50,1.655000,12.250000,0.000000,0.670716,0.898485,0.013191,0.996842,0.960000,0.995000,0.978248
Unlu_CS=T,stratification,0.950000,50,1.655000,29.273333,0.000000,0.648072,0.756915,0.165198,1.000000,0.460000,0.973000,0.678233
