Methods,Pattern Name,Imbalanced Ratio,Time Window,Abnormality Value,ARLIDX,USP,TASRID,TAR,loss,specificity,sensitivity,accuracy,geometric_mean
mixed_CS=T,stratification,0.950000,30,1.280000,12.510000,0.000000,0.085124,0.682287,0.077536,0.922105,0.560000,0.904000,0.718595
Unlu_CS=T,stratification,0.950000,30,1.280000,29.696667,0.000000,0.064766,0.334435,0.204149,0.988421,0.240000,0.951000,0.487053
