Methods,Pattern Name,Imbalanced Ratio,Time Window,Abnormality Value,ARLIDX,USP,TASRID,TAR,loss,specificity,sensitivity,accuracy,geometric_mean
mixed_CS=T,stratification,0.950000,50,1.805000,6.226667,0.000000,0.321433,0.912782,0.015169,0.989474,0.920000,0.986000,0.954105
Unlu_CS=T,stratification,0.950000,50,1.805000,30.946667,0.000000,0.583223,0.739972,0.134713,1.000000,0.520000,0.976000,0.721110
