Methods,Pattern Name,Imbalanced Ratio,Time Window,Abnormality Value,ARLIDX,USP,TASRID,TAR,loss,specificity,sensitivity,accuracy,geometric_mean
mixed_CS=T,stratification,0.950000,80,0.980000,8.210000,0.000000,0.164656,0.810909,0.080791,0.894737,0.960000,0.898000,0.926794
Unlu_CS=T,stratification,0.950000,80,0.980000,52.230496,0.060000,0.161736,0.303361,0.117233,0.998947,0.400000,0.969000,0.632123
