Methods,Pattern Name,Imbalanced Ratio,Time Window,Abnormality Value,ARLIDX,USP,TASRID,TAR,loss,specificity,sensitivity,accuracy,geometric_mean
mixed_CS=T,stratification,0.950000,50,1.505000,7.033333,0.000000,0.044353,0.697355,0.044754,0.953684,0.620000,0.937000,0.768950
Unlu_CS=T,stratification,0.950000,50,1.505000,33.180000,0.000000,0.180744,0.586006,0.097036,0.998947,0.600000,0.979000,0.774189
