Methods,Pattern Name,Imbalanced Ratio,Time Window,Abnormality Value,ARLIDX,USP,TASRID,TAR,loss,specificity,sensitivity,accuracy,geometric_mean
mixed_CS=T,stratification,0.950000,30,1.805000,1.263333,0.000000,0.515565,0.937989,0.033287,0.968421,0.860000,0.963000,0.912602
Unlu_CS=T,stratification,0.950000,30,1.805000,13.146667,0.000000,0.714545,0.891983,0.163045,1.000000,0.480000,0.974000,0.692820
