Methods,Pattern Name,Imbalanced Ratio,Time Window,Abnormality Value,ARLIDX,USP,TASRID,TAR,loss,specificity,sensitivity,accuracy,geometric_mean
mixed_CS=T,stratification,0.950000,80,0.005000,1.830000,0.000000,0.016226,0.510468,0.170337,0.523158,0.500000,0.522000,0.511448
Unlu_CS=T,stratification,0.950000,80,0.005000,16.377926,0.003333,0.123444,0.400083,0.646998,0.624211,0.360000,0.611000,0.474042
