Methods,Pattern Name,Imbalanced Ratio,Time Window,Abnormality Value,ARLIDX,USP,TASRID,TAR,loss,specificity,sensitivity,accuracy,geometric_mean
mixed_CS=T,stratification,0.950000,50,0.605000,8.840000,0.000000,0.023030,0.254050,0.113329,0.824211,0.420000,0.804000,0.588361
Unlu_CS=T,stratification,0.950000,50,0.605000,37.853933,0.110000,0.115234,0.215069,0.235930,0.963158,0.080000,0.919000,0.277584
