Methods,Pattern Name,Imbalanced Ratio,Time Window,Abnormality Value,ARLIDX,USP,TASRID,TAR,loss,specificity,sensitivity,accuracy,geometric_mean
mixed_CS=T,stratification,0.950000,50,0.980000,13.170000,0.000000,0.035702,0.439311,0.067977,0.968421,0.400000,0.940000,0.622389
Unlu_CS=T,stratification,0.950000,50,0.980000,41.474576,0.016667,0.209862,0.485840,0.119541,0.997895,0.440000,0.970000,0.662626
