Methods,Pattern Name,Imbalanced Ratio,Time Window,Abnormality Value,ARLIDX,USP,TASRID,TAR,loss,specificity,sensitivity,accuracy,geometric_mean
mixed_CS=T,stratification,0.950000,50,1.580000,4.660000,0.000000,0.173085,0.787603,0.028389,0.993684,0.660000,0.977000,0.809834
Unlu_CS=T,stratification,0.950000,50,1.580000,47.826667,0.000000,0.248981,0.535895,0.160544,1.000000,0.460000,0.973000,0.678233
