Methods,Pattern Name,Imbalanced Ratio,Time Window,Abnormality Value,ARLIDX,USP,TASRID,TAR,loss,specificity,sensitivity,accuracy,geometric_mean
mixed_CS=T,stratification,0.950000,30,0.755000,18.123333,0.000000,0.082149,0.337741,0.120245,0.852632,0.380000,0.829000,0.569210
Unlu_CS=T,stratification,0.950000,30,0.755000,44.464789,0.053333,0.053168,0.194408,0.247015,0.947368,0.260000,0.913000,0.496302
