Methods,Pattern Name,Imbalanced Ratio,Time Window,Abnormality Value,ARLIDX,USP,TASRID,TAR,loss,specificity,sensitivity,accuracy,geometric_mean
mixed_CS=T,stratification,0.950000,50,0.380000,15.956522,0.003333,0.026997,0.207245,0.116238,0.822105,0.160000,0.789000,0.362680
Unlu_CS=T,stratification,0.950000,50,0.380000,12.266667,0.000000,0.045455,0.284050,0.533689,0.708421,0.320000,0.689000,0.476125
