Methods,Pattern Name,Imbalanced Ratio,Time Window,Abnormality Value,ARLIDX,USP,TASRID,TAR,loss,specificity,sensitivity,accuracy,geometric_mean
mixed_CS=T,stratification,0.950000,50,1.055000,17.973333,0.000000,0.192782,0.576419,0.046011,0.978947,0.500000,0.955000,0.699624
Unlu_CS=T,stratification,0.950000,50,1.055000,43.712230,0.073333,0.145152,0.301598,0.234853,0.998947,0.080000,0.953000,0.282694
