Methods,Pattern Name,Imbalanced Ratio,Time Window,Abnormality Value,ARLIDX,USP,TASRID,TAR,loss,specificity,sensitivity,accuracy,geometric_mean
mixed_CS=T,stratification,0.950000,80,0.905000,11.820000,0.000000,0.348760,0.814105,0.077972,0.923158,0.680000,0.911000,0.792305
Unlu_CS=T,stratification,0.950000,80,0.905000,55.606061,0.010000,0.194463,0.414931,0.142977,0.997895,0.340000,0.965000,0.582481
