Methods,Pattern Name,Imbalanced Ratio,Time Window,Abnormality Value,ARLIDX,USP,TASRID,TAR,loss,specificity,sensitivity,accuracy,geometric_mean
mixed_CS=T,stratification,0.950000,80,1.430000,8.926667,0.000000,0.270055,0.891928,0.055941,0.948421,0.900000,0.946000,0.923893
Unlu_CS=T,stratification,0.950000,80,1.430000,55.966667,0.000000,0.382534,0.531295,0.169733,1.000000,0.460000,0.973000,0.678233
