Methods,Pattern Name,Imbalanced Ratio,Time Window,Abnormality Value,ARLIDX,USP,TASRID,TAR,loss,specificity,sensitivity,accuracy,geometric_mean
mixed_CS=T,stratification,0.950000,80,0.605000,8.506667,0.000000,0.156088,0.717741,0.144114,0.677895,0.620000,0.675000,0.648301
Unlu_CS=T,stratification,0.950000,80,0.605000,56.765799,0.103333,0.016777,0.066529,0.210024,0.985263,0.060000,0.939000,0.243137
