Methods,Pattern Name,Imbalanced Ratio,Time Window,Abnormality Value,ARLIDX,USP,TASRID,TAR,loss,specificity,sensitivity,accuracy,geometric_mean
mixed_CS=T,stratification,0.950000,50,0.530000,13.463333,0.000000,0.031570,0.356612,0.120082,0.829474,0.440000,0.810000,0.604126
Unlu_CS=T,stratification,0.950000,50,0.530000,45.917603,0.110000,0.026419,0.093223,0.256375,0.961053,0.100000,0.918000,0.310008
