Methods,Pattern Name,Imbalanced Ratio,Time Window,Abnormality Value,ARLIDX,USP,TASRID,TAR,loss,specificity,sensitivity,accuracy,geometric_mean
mixed_CS=T,stratification,0.950000,30,0.155000,3.970000,0.000000,0.040028,0.407410,0.172696,0.624211,0.460000,0.616000,0.535852
Unlu_CS=T,stratification,0.950000,30,0.155000,4.640000,0.000000,0.039862,0.402948,0.665222,0.592632,0.440000,0.585000,0.510645
