Methods,Pattern Name,Imbalanced Ratio,Time Window,Abnormality Value,ARLIDX,USP,TASRID,TAR,loss,specificity,sensitivity,accuracy,geometric_mean
mixed_CS=T,stratification,0.950000,80,0.830000,10.680000,0.000000,0.329008,0.807824,0.094760,0.858947,0.840000,0.858000,0.849421
Unlu_CS=T,stratification,0.950000,80,0.830000,59.460208,0.036667,0.066804,0.146584,0.177886,0.982105,0.120000,0.939000,0.343297
