Methods,Pattern Name,Imbalanced Ratio,Time Window,Abnormality Value,ARLIDX,USP,TASRID,TAR,loss,specificity,sensitivity,accuracy,geometric_mean
mixed_CS=T,stratification,0.950000,80,1.580000,6.643333,0.000000,0.737355,0.938981,0.016085,0.993684,0.900000,0.989000,0.945683
Unlu_CS=T,stratification,0.950000,80,1.580000,41.876667,0.000000,0.350771,0.651791,0.209447,1.000000,0.460000,0.973000,0.678233
