Methods,Pattern Name,Imbalanced Ratio,Time Window,Abnormality Value,ARLIDX,USP,TASRID,TAR,loss,specificity,sensitivity,accuracy,geometric_mean
mixed_CS=T,stratification,0.950000,50,1.355000,5.033333,0.000000,0.176970,0.826612,0.038118,0.962105,0.820000,0.955000,0.888215
Unlu_CS=T,stratification,0.950000,50,1.355000,32.446667,0.000000,0.191129,0.601129,0.142655,1.000000,0.320000,0.966000,0.565685
