Methods,Pattern Name,Imbalanced Ratio,Time Window,Abnormality Value,ARLIDX,USP,TASRID,TAR,loss,specificity,sensitivity,accuracy,geometric_mean
mixed_CS=T,stratification,0.950000,50,0.305000,3.480000,0.000000,0.046006,0.467631,0.173785,0.561053,0.520000,0.559000,0.540136
Unlu_CS=T,stratification,0.950000,50,0.305000,19.020000,0.000000,0.035427,0.170028,0.434046,0.867368,0.100000,0.829000,0.294511
