Methods,Pattern Name,Imbalanced Ratio,Time Window,Abnormality Value,ARLIDX,USP,TASRID,TAR,loss,specificity,sensitivity,accuracy,geometric_mean
mixed_CS=T,stratification,0.950000,50,1.430000,8.930000,0.000000,0.299587,0.886419,0.040792,0.936842,0.820000,0.931000,0.876476
Unlu_CS=T,stratification,0.950000,50,1.430000,40.923333,0.000000,0.334821,0.635317,0.142783,1.000000,0.340000,0.967000,0.583095
