Methods,Pattern Name,Imbalanced Ratio,Time Window,Abnormality Value,ARLIDX,USP,TASRID,TAR,loss,specificity,sensitivity,accuracy,geometric_mean
mixed_CS=T,stratification,0.950000,30,0.980000,8.006667,0.000000,0.125758,0.612259,0.080976,0.937895,0.380000,0.910000,0.596992
Unlu_CS=T,stratification,0.950000,30,0.980000,31.493333,0.000000,0.058623,0.194959,0.219596,0.986316,0.040000,0.939000,0.198627
