Methods,Pattern Name,Imbalanced Ratio,Time Window,Abnormality Value,ARLIDX,USP,TASRID,TAR,loss,specificity,sensitivity,accuracy,geometric_mean
mixed_CS=T,stratification,0.950000,80,0.155000,1.970000,0.000000,0.013884,0.458512,0.169460,0.554737,0.400000,0.547000,0.471057
Unlu_CS=T,stratification,0.950000,80,0.155000,32.420814,0.263333,0.041047,0.137328,0.580783,0.866316,0.100000,0.828000,0.294332
