Methods,Pattern Name,Imbalanced Ratio,Time Window,Abnormality Value,ARLIDX,USP,TASRID,TAR,loss,specificity,sensitivity,accuracy,geometric_mean
mixed_CS=T,stratification,0.950000,50,0.455000,30.979592,0.020000,0.101598,0.411983,0.159244,0.792632,0.400000,0.773000,0.563074
Unlu_CS=T,stratification,0.950000,50,0.455000,33.985240,0.096667,0.049587,0.119449,0.339151,0.941053,0.060000,0.897000,0.237620
