Methods,Pattern Name,Imbalanced Ratio,Time Window,Abnormality Value,ARLIDX,USP,TASRID,TAR,loss,specificity,sensitivity,accuracy,geometric_mean
mixed_CS=T,stratification,0.950000,80,1.130000,5.333333,0.000000,0.062176,0.860826,0.081990,0.923158,0.820000,0.918000,0.870051
Unlu_CS=T,stratification,0.950000,80,1.130000,47.636364,0.010000,0.345455,0.559091,0.140114,1.000000,0.500000,0.975000,0.707107
