Methods,Pattern Name,Imbalanced Ratio,Time Window,Abnormality Value,ARLIDX,USP,TASRID,TAR,loss,specificity,sensitivity,accuracy,geometric_mean
mixed_CS=T,stratification,0.950000,30,1.355000,20.476667,0.000000,0.042066,0.384050,0.044910,0.993684,0.760000,0.982000,0.869022
Unlu_CS=T,stratification,0.950000,30,1.355000,37.277592,0.003333,0.101377,0.325455,0.131902,1.000000,0.360000,0.968000,0.600000
