Methods,Pattern Name,Imbalanced Ratio,Time Window,Abnormality Value,ARLIDX,USP,TASRID,TAR,loss,specificity,sensitivity,accuracy,geometric_mean
mixed_CS=T,stratification,0.950000,30,1.580000,3.796667,0.000000,0.502369,0.903774,0.033563,0.990526,0.680000,0.975000,0.820706
Unlu_CS=T,stratification,0.950000,30,1.580000,12.806667,0.000000,0.194904,0.745675,0.158559,0.998947,0.260000,0.962000,0.509633
