Methods,Pattern Name,Imbalanced Ratio,Time Window,Abnormality Value,ARLIDX,USP,TASRID,TAR,loss,specificity,sensitivity,accuracy,geometric_mean
mixed_CS=T,stratification,0.950000,80,0.305000,2.623333,0.000000,0.024187,0.425152,0.159761,0.561053,0.480000,0.557000,0.518946
Unlu_CS=T,stratification,0.950000,80,0.305000,13.693333,0.000000,0.035234,0.198154,0.502004,0.828421,0.240000,0.799000,0.445894
