Methods,Pattern Name,Imbalanced Ratio,Time Window,Abnormality Value,ARLIDX,USP,TASRID,TAR,loss,specificity,sensitivity,accuracy,geometric_mean
mixed_CS=T,stratification,0.950000,30,1.730000,9.120000,0.000000,0.267741,0.855041,0.019562,0.998947,0.700000,0.984000,0.836220
Unlu_CS=T,stratification,0.950000,30,1.730000,20.696667,0.000000,0.498512,0.799614,0.100037,0.997895,0.520000,0.974000,0.720351
