Methods,Pattern Name,Imbalanced Ratio,Time Window,Abnormality Value,ARLIDX,USP,TASRID,TAR,loss,specificity,sensitivity,accuracy,geometric_mean
mixed_CS=T,stratification,0.950000,50,0.680000,20.046667,0.000000,0.086226,0.440331,0.111349,0.890526,0.420000,0.867000,0.611573
Unlu_CS=T,stratification,0.950000,50,0.680000,37.571429,0.020000,0.038017,0.242920,0.218405,0.962105,0.280000,0.928000,0.519027
