Methods,Pattern Name,Imbalanced Ratio,Time Window,Abnormality Value,ARLIDX,USP,TASRID,TAR,loss,specificity,sensitivity,accuracy,geometric_mean
mixed_CS=T,stratification,0.950000,30,1.205000,15.546667,0.000000,0.187851,0.740634,0.055360,0.976842,0.540000,0.955000,0.726288
Unlu_CS=T,stratification,0.950000,30,1.205000,23.873333,0.000000,0.092066,0.420909,0.150096,0.992632,0.420000,0.964000,0.645682
