Methods,Pattern Name,Imbalanced Ratio,Time Window,Abnormality Value,ARLIDX,USP,TASRID,TAR,loss,specificity,sensitivity,accuracy,geometric_mean
mixed_CS=T,stratification,0.950000,30,0.005000,4.510000,0.000000,0.034105,0.387493,0.161869,0.602105,0.440000,0.594000,0.514710
Unlu_CS=T,stratification,0.950000,30,0.005000,6.280000,0.000000,0.060882,0.425152,0.680076,0.550526,0.520000,0.549000,0.535046
