Methods,Pattern Name,Imbalanced Ratio,Time Window,Abnormality Value,ARLIDX,USP,TASRID,TAR,loss,specificity,sensitivity,accuracy,geometric_mean
mixed_CS=T,stratification,0.950000,30,0.830000,8.120000,0.000000,0.083829,0.617493,0.126349,0.803158,0.520000,0.789000,0.646252
Unlu_CS=T,stratification,0.950000,30,0.830000,43.513889,0.040000,0.069036,0.210413,0.190114,0.984211,0.140000,0.942000,0.371200
