Methods,Pattern Name,Imbalanced Ratio,Time Window,Abnormality Value,ARLIDX,USP,TASRID,TAR,loss,specificity,sensitivity,accuracy,geometric_mean
mixed_CS=T,stratification,0.950000,30,0.680000,11.280000,0.000000,0.034380,0.279256,0.115945,0.889474,0.380000,0.864000,0.581378
Unlu_CS=T,stratification,0.950000,30,0.680000,29.114865,0.013333,0.075868,0.326997,0.305067,0.926316,0.200000,0.890000,0.430422
