Methods,Pattern Name,Imbalanced Ratio,Time Window,Abnormality Value,ARLIDX,USP,TASRID,TAR,loss,specificity,sensitivity,accuracy,geometric_mean
mixed_CS=T,stratification,0.950000,30,1.505000,7.183333,0.000000,0.100523,0.840689,0.050373,0.969474,0.740000,0.958000,0.847001
Unlu_CS=T,stratification,0.950000,30,1.505000,19.390000,0.000000,0.305289,0.756006,0.204491,0.994737,0.160000,0.953000,0.398946
