Methods,Pattern Name,Imbalanced Ratio,Time Window,Abnormality Value,ARLIDX,USP,TASRID,TAR,loss,specificity,sensitivity,accuracy,geometric_mean
mixed_CS=T,stratification,0.950000,50,0.905000,24.962838,0.013333,0.048981,0.212645,0.045813,0.981053,0.460000,0.955000,0.671777
Unlu_CS=T,stratification,0.950000,50,0.905000,78.500000,0.300000,0.053636,0.090000,0.179587,0.993684,0.220000,0.955000,0.467558
