Methods,Pattern Name,Imbalanced Ratio,Time Window,Abnormality Value,ARLIDX,USP,TASRID,TAR,loss,specificity,sensitivity,accuracy,geometric_mean
mixed_CS=T,stratification,0.950000,50,1.280000,7.543333,0.000000,0.194683,0.764711,0.059720,0.962105,0.620000,0.945000,0.772338
Unlu_CS=T,stratification,0.950000,50,1.280000,26.823333,0.000000,0.064242,0.435069,0.193079,0.998947,0.160000,0.957000,0.399789
