Methods,Pattern Name,Imbalanced Ratio,Time Window,Abnormality Value,ARLIDX,USP,TASRID,TAR,loss,specificity,sensitivity,accuracy,geometric_mean
mixed_CS=T,stratification,0.950000,30,0.530000,6.693333,0.000000,0.048485,0.519669,0.166339,0.554737,0.440000,0.549000,0.494049
Unlu_CS=T,stratification,0.950000,30,0.530000,27.892617,0.006667,0.027548,0.159559,0.395135,0.863158,0.060000,0.823000,0.227573
