Methods,Pattern Name,Imbalanced Ratio,Time Window,Abnormality Value,ARLIDX,USP,TASRID,TAR,loss,specificity,sensitivity,accuracy,geometric_mean
mixed_CS=T,stratification,0.950000,30,1.655000,13.246667,0.000000,0.094986,0.693747,0.026705,0.998947,0.580000,0.978000,0.761176
Unlu_CS=T,stratification,0.950000,30,1.655000,17.590000,0.000000,0.170882,0.739284,0.130079,0.998947,0.520000,0.975000,0.720731
