Methods,Pattern Name,Imbalanced Ratio,Time Window,Abnormality Value,ARLIDX,USP,TASRID,TAR,loss,specificity,sensitivity,accuracy,geometric_mean
mixed_CS=T,stratification,0.900000,80,0.305000,8.850000,0.000000,0.073939,0.467163,0.180604,0.607778,0.400000,0.587000,0.493063
Unlu_CS=T,stratification,0.900000,80,0.305000,16.438127,0.003333,0.059008,0.228705,0.549842,0.777778,0.230000,0.723000,0.422953
