Methods,Pattern Name,Imbalanced Ratio,Time Window,Abnormality Value,ARLIDX,USP,TASRID,TAR,loss,specificity,sensitivity,accuracy,geometric_mean
mixed_CS=T,stratification,0.900000,30,0.080000,2.923333,0.000000,0.055702,0.573361,0.175819,0.433333,0.630000,0.453000,0.522494
Unlu_CS=T,stratification,0.900000,30,0.080000,4.546667,0.000000,0.079587,0.556061,0.688126,0.427778,0.600000,0.445000,0.506623
