Methods,Pattern Name,Imbalanced Ratio,Time Window,Abnormality Value,ARLIDX,USP,TASRID,TAR,loss,specificity,sensitivity,accuracy,geometric_mean
mixed_CS=T,stratification,0.900000,80,0.605000,8.508361,0.003333,0.043664,0.530523,0.149379,0.781111,0.490000,0.752000,0.618663
Unlu_CS=T,stratification,0.900000,80,0.605000,42.371930,0.050000,0.024380,0.216529,0.365490,0.984444,0.090000,0.895000,0.297658
