Methods,Pattern Name,Imbalanced Ratio,Time Window,Abnormality Value,ARLIDX,USP,TASRID,TAR,loss,specificity,sensitivity,accuracy,geometric_mean
mixed_CS=T,stratification,0.900000,80,0.680000,7.213333,0.000000,0.144848,0.661543,0.133770,0.757778,0.690000,0.751000,0.723095
Unlu_CS=T,stratification,0.900000,80,0.680000,45.472222,0.040000,0.049449,0.212176,0.325515,0.982222,0.160000,0.900000,0.396428
