Methods,Pattern Name,Imbalanced Ratio,Time Window,Abnormality Value,ARLIDX,USP,TASRID,TAR,loss,specificity,sensitivity,accuracy,geometric_mean
mixed_CS=T,stratification,0.900000,80,0.005000,2.393333,0.000000,0.016970,0.423609,0.170893,0.578889,0.480000,0.569000,0.527131
Unlu_CS=T,stratification,0.900000,80,0.005000,5.890000,0.000000,0.052893,0.437713,0.690205,0.544444,0.470000,0.537000,0.505855
