Methods,Pattern Name,Imbalanced Ratio,Time Window,Abnormality Value,ARLIDX,USP,TASRID,TAR,loss,specificity,sensitivity,accuracy,geometric_mean
mixed_CS=T,stratification,0.900000,50,0.605000,11.680000,0.000000,0.105675,0.570854,0.135796,0.802222,0.440000,0.766000,0.594119
Unlu_CS=T,stratification,0.900000,50,0.605000,27.060403,0.006667,0.033581,0.146474,0.380081,0.938889,0.200000,0.865000,0.433333
