Methods,Pattern Name,Imbalanced Ratio,Time Window,Abnormality Value,ARLIDX,USP,TASRID,TAR,loss,specificity,sensitivity,accuracy,geometric_mean
mixed_CS=T,stratification,0.900000,50,0.380000,3.936667,0.000000,0.025344,0.407438,0.160026,0.634444,0.520000,0.623000,0.574379
Unlu_CS=T,stratification,0.900000,50,0.380000,11.906355,0.003333,0.029091,0.237631,0.528695,0.778889,0.270000,0.728000,0.458585
