Methods,Pattern Name,Imbalanced Ratio,Time Window,Abnormality Value,ARLIDX,USP,TASRID,TAR,loss,specificity,sensitivity,accuracy,geometric_mean
mixed_CS=T,stratification,0.900000,50,0.530000,9.610000,0.000000,0.067686,0.452562,0.159968,0.673333,0.400000,0.646000,0.518973
Unlu_CS=T,stratification,0.900000,50,0.530000,44.345865,0.113333,0.019421,0.091102,0.351495,0.973333,0.080000,0.884000,0.279046
