Methods,Pattern Name,Imbalanced Ratio,Time Window,Abnormality Value,ARLIDX,USP,TASRID,TAR,loss,specificity,sensitivity,accuracy,geometric_mean
mixed_CS=T,stratification,0.900000,50,0.305000,5.320000,0.000000,0.025041,0.340882,0.162874,0.643333,0.290000,0.608000,0.431934
Unlu_CS=T,stratification,0.900000,50,0.305000,9.413333,0.000000,0.042893,0.288705,0.606187,0.740000,0.360000,0.702000,0.516140
