Methods,Pattern Name,Imbalanced Ratio,Time Window,Abnormality Value,ARLIDX,USP,TASRID,TAR,loss,specificity,sensitivity,accuracy,geometric_mean
mixed_CS=T,stratification,0.900000,50,0.680000,13.933333,0.000000,0.031653,0.403691,0.119848,0.875556,0.530000,0.841000,0.681208
Unlu_CS=T,stratification,0.900000,50,0.680000,30.400000,0.000000,0.048650,0.296419,0.365884,0.951111,0.150000,0.871000,0.377712
