Methods,Pattern Name,Imbalanced Ratio,Time Window,Abnormality Value,ARLIDX,USP,TASRID,TAR,loss,specificity,sensitivity,accuracy,geometric_mean
mixed_CS=T,stratification,0.900000,30,0.455000,3.833333,0.000000,0.021818,0.374325,0.168066,0.625556,0.420000,0.605000,0.512575
Unlu_CS=T,stratification,0.900000,30,0.455000,13.110000,0.000000,0.045592,0.261928,0.557427,0.801111,0.160000,0.737000,0.358019
