Methods,Pattern Name,Imbalanced Ratio,Time Window,Abnormality Value,ARLIDX,USP,TASRID,TAR,loss,specificity,sensitivity,accuracy,geometric_mean
mixed_CS=T,stratification,0.900000,30,0.230000,3.556667,0.000000,0.020165,0.389669,0.172165,0.625556,0.400000,0.603000,0.500222
Unlu_CS=T,stratification,0.900000,30,0.230000,6.303333,0.000000,0.066253,0.450799,0.674360,0.568889,0.370000,0.549000,0.458791
