Methods,Pattern Name,Imbalanced Ratio,Time Window,Abnormality Value,ARLIDX,USP,TASRID,TAR,loss,specificity,sensitivity,accuracy,geometric_mean
mixed_CS=T,stratification,0.900000,30,0.680000,11.036667,0.000000,0.025124,0.273829,0.126568,0.894444,0.230000,0.828000,0.453566
Unlu_CS=T,stratification,0.900000,30,0.680000,18.753333,0.000000,0.019284,0.165592,0.375661,0.935556,0.220000,0.864000,0.453676
