Methods,Pattern Name,Imbalanced Ratio,Time Window,Abnormality Value,ARLIDX,USP,TASRID,TAR,loss,specificity,sensitivity,accuracy,geometric_mean
mixed_CS=T,stratification,0.900000,80,0.230000,4.516667,0.000000,0.033306,0.452479,0.172957,0.483333,0.500000,0.485000,0.491596
Unlu_CS=T,stratification,0.900000,80,0.230000,6.716667,0.000000,0.034683,0.291736,0.626192,0.690000,0.330000,0.654000,0.477179
