Methods,Pattern Name,Imbalanced Ratio,Time Window,Abnormality Value,ARLIDX,USP,TASRID,TAR,loss,specificity,sensitivity,accuracy,geometric_mean
mixed_CS=T,stratification,0.900000,30,0.005000,3.250000,0.000000,0.020386,0.377824,0.161349,0.647778,0.340000,0.617000,0.469302
Unlu_CS=T,stratification,0.900000,30,0.005000,6.566667,0.000000,0.081956,0.441212,0.685950,0.574444,0.430000,0.560000,0.497002
