Methods,Pattern Name,Imbalanced Ratio,Time Window,Abnormality Value,ARLIDX,USP,TASRID,TAR,loss,specificity,sensitivity,accuracy,geometric_mean
mixed_CS=T,stratification,0.900000,30,0.305000,7.520000,0.000000,0.037163,0.327631,0.155867,0.674444,0.290000,0.636000,0.442254
Unlu_CS=T,stratification,0.900000,30,0.305000,6.453333,0.000000,0.046997,0.386639,0.648042,0.610000,0.380000,0.587000,0.481456
