Methods,Pattern Name,Imbalanced Ratio,Time Window,Abnormality Value,ARLIDX,USP,TASRID,TAR,loss,specificity,sensitivity,accuracy,geometric_mean
mixed_CS=T,stratification,0.900000,80,0.080000,3.180000,0.000000,0.029504,0.460937,0.169810,0.546667,0.450000,0.537000,0.495984
Unlu_CS=T,stratification,0.900000,80,0.080000,6.140000,0.000000,0.046061,0.383829,0.670309,0.633333,0.360000,0.606000,0.477493
