Methods,Pattern Name,Imbalanced Ratio,Time Window,Abnormality Value,ARLIDX,USP,TASRID,TAR,loss,specificity,sensitivity,accuracy,geometric_mean
mixed_CS=T,stratification,0.900000,80,0.530000,6.146667,0.000000,0.030799,0.575317,0.206777,0.594444,0.570000,0.592000,0.582094
Unlu_CS=T,stratification,0.900000,80,0.530000,39.232472,0.096667,0.027686,0.119339,0.354919,0.956667,0.110000,0.872000,0.324397
