Methods,Pattern Name,Imbalanced Ratio,Time Window,Abnormality Value,ARLIDX,USP,TASRID,TAR,loss,specificity,sensitivity,accuracy,geometric_mean
mixed_CS=T,stratification,0.900000,30,0.380000,5.806667,0.000000,0.031240,0.331433,0.154384,0.688889,0.330000,0.653000,0.476795
Unlu_CS=T,stratification,0.900000,30,0.380000,6.383333,0.000000,0.016804,0.272948,0.541467,0.778889,0.240000,0.725000,0.432358
