Methods,Pattern Name,Imbalanced Ratio,Time Window,Abnormality Value,ARLIDX,USP,TASRID,TAR,loss,specificity,sensitivity,accuracy,geometric_mean
mixed_CS=T,stratification,0.900000,80,0.455000,7.850000,0.000000,0.087824,0.570275,0.161147,0.624444,0.600000,0.622000,0.612100
Unlu_CS=T,stratification,0.900000,80,0.455000,54.802817,0.290000,0.029807,0.072204,0.343242,0.957778,0.080000,0.870000,0.276807
