Methods,Pattern Name,Imbalanced Ratio,Time Window,Abnormality Value,ARLIDX,USP,TASRID,TAR,loss,specificity,sensitivity,accuracy,geometric_mean
mixed_CS=T,stratification,0.900000,50,0.005000,9.103333,0.000000,0.044353,0.302011,0.172320,0.706667,0.290000,0.665000,0.452696
Unlu_CS=T,stratification,0.900000,50,0.005000,11.100000,0.000000,0.057989,0.303664,0.673784,0.684444,0.290000,0.645000,0.445521
