Methods,Pattern Name,Imbalanced Ratio,Time Window,Abnormality Value,ARLIDX,USP,TASRID,TAR,loss,specificity,sensitivity,accuracy,geometric_mean
mixed_CS=T,stratification,0.900000,30,0.530000,10.053333,0.000000,0.040689,0.381901,0.151831,0.703333,0.350000,0.668000,0.496152
Unlu_CS=T,stratification,0.900000,30,0.530000,30.891156,0.020000,0.035923,0.181625,0.429448,0.898889,0.230000,0.832000,0.454692
