Methods,Pattern Name,Imbalanced Ratio,Time Window,Abnormality Value,ARLIDX,USP,TASRID,TAR,loss,specificity,sensitivity,accuracy,geometric_mean
mixed_CS=T,stratification,0.900000,50,0.080000,5.783333,0.000000,0.052727,0.417741,0.170216,0.563333,0.440000,0.551000,0.497862
Unlu_CS=T,stratification,0.900000,50,0.080000,6.456667,0.000000,0.064821,0.424215,0.679274,0.581111,0.430000,0.566000,0.499878
