Methods,Pattern Name,Imbalanced Ratio,Time Window,Abnormality Value,ARLIDX,USP,TASRID,TAR,loss,specificity,sensitivity,accuracy,geometric_mean
mixed_CS=T,stratification,0.900000,50,0.155000,5.103333,0.000000,0.039394,0.411570,0.169273,0.616667,0.360000,0.591000,0.471169
Unlu_CS=T,stratification,0.900000,50,0.155000,7.210000,0.000000,0.053251,0.356694,0.664901,0.633333,0.400000,0.610000,0.503322
