Methods,Pattern Name,Imbalanced Ratio,Time Window,Abnormality Value,ARLIDX,USP,TASRID,TAR,loss,specificity,sensitivity,accuracy,geometric_mean
mixed_CS=T,stratification,0.900000,30,0.155000,3.563333,0.000000,0.027934,0.440000,0.175217,0.547778,0.470000,0.540000,0.507401
Unlu_CS=T,stratification,0.900000,30,0.155000,4.723333,0.000000,0.045730,0.415950,0.672307,0.562222,0.360000,0.542000,0.449889
