Methods,Pattern Name,Imbalanced Ratio,Time Window,Abnormality Value,ARLIDX,USP,TASRID,TAR,loss,specificity,sensitivity,accuracy,geometric_mean
mixed_CS=T,downtrend,0.950000,50,1.055000,6.410000,0.000000,0.955289,0.955289,0.000000,1.000000,1.000000,1.000000,1.000000
Unlu_CS=T,downtrend,0.950000,50,1.055000,34.013333,0.000000,0.709532,0.726915,0.459660,1.000000,0.420000,0.971000,0.648074
