Methods,Pattern Name,Imbalanced Ratio,Time Window,Abnormality Value,ARLIDX,USP,TASRID,TAR,loss,specificity,sensitivity,accuracy,geometric_mean
mixed_CS=T,downtrend,0.950000,80,0.830000,6.586667,0.000000,0.953829,0.953829,0.000000,1.000000,1.000000,1.000000,1.000000
Unlu_CS=T,downtrend,0.950000,80,0.830000,57.723333,0.000000,0.509587,0.530716,0.377113,1.000000,0.400000,0.970000,0.632456
