Methods,Pattern Name,Imbalanced Ratio,Time Window,Abnormality Value,ARLIDX,USP,TASRID,TAR,loss,specificity,sensitivity,accuracy,geometric_mean
mixed_CS=T,downtrend,0.950000,30,1.055000,5.070000,0.000000,0.966364,0.966364,0.001211,1.000000,0.980000,0.999000,0.989950
Unlu_CS=T,downtrend,0.950000,30,1.055000,16.730000,0.000000,0.858209,0.869890,0.348225,1.000000,0.600000,0.980000,0.774597
