Methods,Pattern Name,Imbalanced Ratio,Time Window,Abnormality Value,ARLIDX,USP,TASRID,TAR,loss,specificity,sensitivity,accuracy,geometric_mean
mixed_CS=T,downtrend,0.950000,30,0.680000,6.093333,0.000000,0.957906,0.957906,0.003569,1.000000,0.960000,0.998000,0.979796
Unlu_CS=T,downtrend,0.950000,30,0.680000,19.596667,0.000000,0.846309,0.846309,0.463848,1.000000,0.420000,0.971000,0.648074
