Methods,Pattern Name,Imbalanced Ratio,Time Window,Abnormality Value,ARLIDX,USP,TASRID,TAR,loss,specificity,sensitivity,accuracy,geometric_mean
mixed_CS=T,downtrend,0.950000,30,0.230000,5.220000,0.000000,0.643444,0.958127,0.053576,0.937895,0.860000,0.934000,0.898103
Unlu_CS=T,downtrend,0.950000,30,0.230000,18.363333,0.000000,0.856501,0.856501,0.380038,1.000000,0.460000,0.973000,0.678233
