Methods,Pattern Name,Imbalanced Ratio,Time Window,Abnormality Value,ARLIDX,USP,TASRID,TAR,loss,specificity,sensitivity,accuracy,geometric_mean
mixed_CS=T,downtrend,0.950000,50,0.680000,6.143333,0.000000,0.957493,0.957493,0.000000,1.000000,1.000000,1.000000,1.000000
Unlu_CS=T,downtrend,0.950000,50,0.680000,33.013333,0.000000,0.735427,0.735427,0.471430,1.000000,0.400000,0.970000,0.632456
