Methods,Pattern Name,Imbalanced Ratio,Time Window,Abnormality Value,ARLIDX,USP,TASRID,TAR,loss,specificity,sensitivity,accuracy,geometric_mean
mixed_CS=T,downtrend,0.950000,30,0.155000,6.430000,0.000000,0.453967,0.939256,0.045171,0.942105,0.860000,0.938000,0.900117
Unlu_CS=T,downtrend,0.950000,30,0.155000,16.323333,0.000000,0.861625,0.873251,0.337014,1.000000,0.600000,0.980000,0.774597
