Methods,Pattern Name,Imbalanced Ratio,Time Window,Abnormality Value,ARLIDX,USP,TASRID,TAR,loss,specificity,sensitivity,accuracy,geometric_mean
mixed_CS=T,downtrend,0.950000,80,0.005000,15.390000,0.000000,0.082645,0.705455,0.163264,0.682105,0.640000,0.680000,0.660717
Unlu_CS=T,downtrend,0.950000,80,0.005000,43.696667,0.000000,0.222066,0.549063,0.348249,0.871579,0.400000,0.848000,0.590450
