Methods,Pattern Name,Imbalanced Ratio,Time Window,Abnormality Value,ARLIDX,USP,TASRID,TAR,loss,specificity,sensitivity,accuracy,geometric_mean
mixed_CS=T,downtrend,0.950000,50,0.305000,7.400000,0.000000,0.873912,0.946171,0.004967,0.998947,1.000000,0.999000,0.999474
Unlu_CS=T,downtrend,0.950000,50,0.305000,22.280000,0.000000,0.824132,0.824132,0.233511,1.000000,0.620000,0.981000,0.787401
