Methods,Pattern Name,Imbalanced Ratio,Time Window,Abnormality Value,ARLIDX,USP,TASRID,TAR,loss,specificity,sensitivity,accuracy,geometric_mean
mixed_CS=T,downtrend,0.950000,50,0.380000,8.453333,0.000000,0.928926,0.938320,0.000001,1.000000,1.000000,1.000000,1.000000
Unlu_CS=T,downtrend,0.950000,50,0.380000,27.160000,0.000000,0.783802,0.783802,0.325364,1.000000,0.600000,0.980000,0.774597
