Methods,Pattern Name,Imbalanced Ratio,Time Window,Abnormality Value,ARLIDX,USP,TASRID,TAR,loss,specificity,sensitivity,accuracy,geometric_mean
mixed_CS=T,downtrend,0.950000,80,0.380000,10.600000,0.000000,0.911322,0.920551,0.000000,1.000000,1.000000,1.000000,1.000000
Unlu_CS=T,downtrend,0.950000,80,0.380000,34.976667,0.000000,0.719201,0.719201,0.207402,1.000000,0.600000,0.980000,0.774597
