Methods,Pattern Name,Imbalanced Ratio,Time Window,Abnormality Value,ARLIDX,USP,TASRID,TAR,loss,specificity,sensitivity,accuracy,geometric_mean
mixed_CS=T,downtrend,0.950000,80,0.080000,11.953333,0.000000,0.638485,0.899642,0.015775,0.972632,0.980000,0.973000,0.976309
Unlu_CS=T,downtrend,0.950000,80,0.080000,52.146667,0.000000,0.573333,0.577245,0.448730,1.000000,0.420000,0.971000,0.648074
