Methods,Pattern Name,Imbalanced Ratio,Time Window,Abnormality Value,ARLIDX,USP,TASRID,TAR,loss,specificity,sensitivity,accuracy,geometric_mean
mixed_CS=T,downtrend,0.950000,50,0.230000,7.313333,0.000000,0.864463,0.946033,0.012266,0.980000,1.000000,0.981000,0.989950
Unlu_CS=T,downtrend,0.950000,50,0.230000,33.986667,0.000000,0.712369,0.727135,0.405407,1.000000,0.420000,0.971000,0.648074
