Methods,Pattern Name,Imbalanced Ratio,Time Window,Abnormality Value,ARLIDX,USP,TASRID,TAR,loss,specificity,sensitivity,accuracy,geometric_mean
mixed_CS=T,downtrend,0.950000,80,0.530000,9.763333,0.000000,0.927576,0.927576,0.000000,1.000000,1.000000,1.000000,1.000000
Unlu_CS=T,downtrend,0.950000,80,0.530000,48.706667,0.000000,0.605730,0.605730,0.282963,1.000000,0.500000,0.975000,0.707107
