Methods,Pattern Name,Imbalanced Ratio,Time Window,Abnormality Value,ARLIDX,USP,TASRID,TAR,loss,specificity,sensitivity,accuracy,geometric_mean
mixed_CS=T,downtrend,0.950000,50,0.755000,6.576667,0.000000,0.947493,0.953857,0.000000,1.000000,1.000000,1.000000,1.000000
Unlu_CS=T,downtrend,0.950000,50,0.755000,32.170000,0.000000,0.739862,0.742369,0.367027,1.000000,0.420000,0.971000,0.648074
