Methods,Pattern Name,Imbalanced Ratio,Time Window,Abnormality Value,ARLIDX,USP,TASRID,TAR,loss,specificity,sensitivity,accuracy,geometric_mean
mixed_CS=T,downtrend,0.950000,80,1.055000,6.026667,0.000000,0.958457,0.958457,0.000000,1.000000,1.000000,1.000000,1.000000
Unlu_CS=T,downtrend,0.950000,80,1.055000,15.120000,0.000000,0.883306,0.883306,0.000000,1.000000,1.000000,1.000000,1.000000
