Methods,Pattern Name,Imbalanced Ratio,Time Window,Abnormality Value,ARLIDX,USP,TASRID,TAR,loss,specificity,sensitivity,accuracy,geometric_mean
mixed_CS=T,downtrend,0.950000,50,0.530000,7.786667,0.000000,0.928209,0.943774,0.000000,1.000000,1.000000,1.000000,1.000000
Unlu_CS=T,downtrend,0.950000,50,0.530000,33.683333,0.000000,0.727355,0.729862,0.452981,1.000000,0.400000,0.970000,0.632456
