Methods,Pattern Name,Imbalanced Ratio,Time Window,Abnormality Value,ARLIDX,USP,TASRID,TAR,loss,specificity,sensitivity,accuracy,geometric_mean
mixed_CS=T,downtrend,0.950000,50,0.980000,6.316667,0.000000,0.956061,0.956061,0.000000,1.000000,1.000000,1.000000,1.000000
Unlu_CS=T,downtrend,0.950000,50,0.980000,24.480000,0.000000,0.757741,0.805124,0.202226,1.000000,0.600000,0.980000,0.774597
