Methods,Pattern Name,Imbalanced Ratio,Time Window,Abnormality Value,ARLIDX,USP,TASRID,TAR,loss,specificity,sensitivity,accuracy,geometric_mean
mixed_CS=T,downtrend,0.950000,30,1.130000,4.793333,0.000000,0.968650,0.968650,0.000000,1.000000,1.000000,1.000000,1.000000
Unlu_CS=T,downtrend,0.950000,30,1.130000,14.996667,0.000000,0.881350,0.884298,0.286933,1.000000,0.660000,0.983000,0.812404
