Methods,Pattern Name,Imbalanced Ratio,Time Window,Abnormality Value,ARLIDX,USP,TASRID,TAR,loss,specificity,sensitivity,accuracy,geometric_mean
mixed_CS=T,downtrend,0.950000,30,0.380000,4.463333,0.000000,0.847989,0.969091,0.034779,0.935789,0.900000,0.934000,0.917720
Unlu_CS=T,downtrend,0.950000,30,0.380000,18.003333,0.000000,0.856584,0.859449,0.354906,1.000000,0.520000,0.976000,0.721110
