Methods,Pattern Name,Imbalanced Ratio,Time Window,Abnormality Value,ARLIDX,USP,TASRID,TAR,loss,specificity,sensitivity,accuracy,geometric_mean
mixed_CS=T,downtrend,0.950000,80,0.980000,5.916667,0.000000,0.952975,0.959311,0.000000,1.000000,1.000000,1.000000,1.000000
Unlu_CS=T,downtrend,0.950000,80,0.980000,52.813333,0.000000,0.571791,0.571791,0.359393,1.000000,0.400000,0.970000,0.632456
