Methods,Pattern Name,Imbalanced Ratio,Time Window,Abnormality Value,ARLIDX,USP,TASRID,TAR,loss,specificity,sensitivity,accuracy,geometric_mean
mixed_CS=T,downtrend,0.950000,50,0.080000,11.510000,0.000000,0.705427,0.904242,0.048998,0.963158,0.840000,0.957000,0.899473
Unlu_CS=T,downtrend,0.950000,50,0.080000,34.743333,0.000000,0.711405,0.721019,0.515803,1.000000,0.400000,0.970000,0.632456
