Methods,Pattern Name,Imbalanced Ratio,Time Window,Abnormality Value,ARLIDX,USP,TASRID,TAR,loss,specificity,sensitivity,accuracy,geometric_mean
mixed_CS=T,downtrend,0.950000,50,0.455000,7.823333,0.000000,0.930909,0.943471,0.000000,1.000000,1.000000,1.000000,1.000000
Unlu_CS=T,downtrend,0.950000,50,0.455000,19.263333,0.000000,0.849063,0.849063,0.180417,1.000000,0.740000,0.987000,0.860233
