Methods,Pattern Name,Imbalanced Ratio,Time Window,Abnormality Value,ARLIDX,USP,TASRID,TAR,loss,specificity,sensitivity,accuracy,geometric_mean
mixed_CS=T,downtrend,0.950000,80,0.230000,12.030000,0.000000,0.908843,0.908843,0.000003,1.000000,1.000000,1.000000,1.000000
Unlu_CS=T,downtrend,0.950000,80,0.230000,42.166667,0.000000,0.659780,0.659780,0.319417,1.000000,0.600000,0.980000,0.774597
