Methods,Pattern Name,Imbalanced Ratio,Time Window,Abnormality Value,ARLIDX,USP,TASRID,TAR,loss,specificity,sensitivity,accuracy,geometric_mean
mixed_CS=T,downtrend,0.950000,80,0.455000,9.826667,0.000000,0.927052,0.927052,0.000000,1.000000,1.000000,1.000000,1.000000
Unlu_CS=T,downtrend,0.950000,80,0.455000,61.696667,0.000000,0.453829,0.496887,0.390579,1.000000,0.360000,0.968000,0.600000
