Methods,Pattern Name,Imbalanced Ratio,Time Window,Abnormality Value,ARLIDX,USP,TASRID,TAR,loss,specificity,sensitivity,accuracy,geometric_mean
mixed_CS=T,downtrend,0.950000,30,0.530000,4.816667,0.000000,0.896997,0.967493,0.007459,0.995789,0.980000,0.995000,0.987863
Unlu_CS=T,downtrend,0.950000,30,0.530000,16.836667,0.000000,0.869118,0.869118,0.328752,1.000000,0.620000,0.981000,0.787401
