Methods,Pattern Name,Imbalanced Ratio,Time Window,Abnormality Value,ARLIDX,USP,TASRID,TAR,loss,specificity,sensitivity,accuracy,geometric_mean
mixed_CS=T,downtrend,0.950000,30,0.005000,6.253333,0.000000,0.032672,0.444738,0.156199,0.652632,0.280000,0.634000,0.427477
Unlu_CS=T,downtrend,0.950000,30,0.005000,5.670000,0.000000,0.064931,0.766033,0.662518,0.566316,0.600000,0.568000,0.582915
