Methods,Pattern Name,Imbalanced Ratio,Time Window,Abnormality Value,ARLIDX,USP,TASRID,TAR,loss,specificity,sensitivity,accuracy,geometric_mean
mixed_CS=T,downtrend,0.950000,30,0.455000,5.110000,0.000000,0.904298,0.964959,0.011799,0.983158,0.980000,0.983000,0.981578
Unlu_CS=T,downtrend,0.950000,30,0.455000,16.546667,0.000000,0.871515,0.871515,0.343581,1.000000,0.600000,0.980000,0.774597
