Methods,Pattern Name,Imbalanced Ratio,Time Window,Abnormality Value,ARLIDX,USP,TASRID,TAR,loss,specificity,sensitivity,accuracy,geometric_mean
mixed_CS=T,downtrend,0.950000,80,0.305000,12.960000,0.000000,0.901157,0.901157,0.000000,1.000000,1.000000,1.000000,1.000000
Unlu_CS=T,downtrend,0.950000,80,0.305000,34.513333,0.000000,0.723030,0.723030,0.197215,1.000000,0.600000,0.980000,0.774597
