Methods,Pattern Name,Imbalanced Ratio,Time Window,Abnormality Value,ARLIDX,USP,TASRID,TAR,loss,specificity,sensitivity,accuracy,geometric_mean
mixed_CS=T,downtrend,0.950000,50,0.005000,3.316667,0.000000,0.042314,0.680303,0.182016,0.516842,0.600000,0.521000,0.556871
Unlu_CS=T,downtrend,0.950000,50,0.005000,21.120000,0.000000,0.265978,0.709504,0.539416,0.726316,0.440000,0.712000,0.565313
