Methods,Pattern Name,Imbalanced Ratio,Time Window,Abnormality Value,ARLIDX,USP,TASRID,TAR,loss,specificity,sensitivity,accuracy,geometric_mean
mixed_CS=T,downtrend,0.950000,30,0.080000,9.570000,0.000000,0.419917,0.905207,0.060663,0.935789,0.620000,0.920000,0.761702
Unlu_CS=T,downtrend,0.950000,30,0.080000,19.323333,0.000000,0.811019,0.847769,0.197731,1.000000,0.480000,0.974000,0.692820
