Methods,Pattern Name,Imbalanced Ratio,Time Window,Abnormality Value,ARLIDX,USP,TASRID,TAR,loss,specificity,sensitivity,accuracy,geometric_mean
mixed_CS=T,downtrend,0.950000,30,0.830000,5.386667,0.000000,0.947603,0.963554,0.000003,1.000000,1.000000,1.000000,1.000000
Unlu_CS=T,downtrend,0.950000,30,0.830000,19.020000,0.000000,0.848182,0.851019,0.406853,1.000000,0.460000,0.973000,0.678233
