Methods,Pattern Name,Imbalanced Ratio,Time Window,Abnormality Value,ARLIDX,USP,TASRID,TAR,loss,specificity,sensitivity,accuracy,geometric_mean
mixed_CS=T,downtrend,0.950000,50,0.905000,5.323333,0.000000,0.964270,0.964270,0.000001,1.000000,1.000000,1.000000,1.000000
Unlu_CS=T,downtrend,0.950000,50,0.905000,34.640000,0.000000,0.721983,0.721983,0.526766,1.000000,0.400000,0.970000,0.632456
