Methods,Pattern Name,Imbalanced Ratio,Time Window,Abnormality Value,ARLIDX,USP,TASRID,TAR,loss,specificity,sensitivity,accuracy,geometric_mean
mixed_CS=T,downtrend,0.950000,80,0.155000,12.813333,0.000000,0.805702,0.900992,0.000464,1.000000,0.980000,0.999000,0.989950
Unlu_CS=T,downtrend,0.950000,80,0.155000,53.363333,0.000000,0.527190,0.566364,0.405909,1.000000,0.440000,0.972000,0.663325
