Methods,Pattern Name,Imbalanced Ratio,Time Window,Abnormality Value,ARLIDX,USP,TASRID,TAR,loss,specificity,sensitivity,accuracy,geometric_mean
mixed_CS=T,downtrend,0.950000,80,0.605000,9.466667,0.000000,0.930028,0.930028,0.000000,1.000000,1.000000,1.000000,1.000000
Unlu_CS=T,downtrend,0.950000,80,0.605000,53.083333,0.000000,0.506529,0.568209,0.324942,1.000000,0.460000,0.973000,0.678233
