Methods,Pattern Name,Imbalanced Ratio,Time Window,Abnormality Value,ARLIDX,USP,TASRID,TAR,loss,specificity,sensitivity,accuracy,geometric_mean
mixed_CS=T,downtrend,0.950000,80,0.905000,9.023333,0.000000,0.918127,0.933554,0.000001,1.000000,1.000000,1.000000,1.000000
Unlu_CS=T,downtrend,0.950000,80,0.905000,42.943333,0.000000,0.653361,0.653361,0.317718,1.000000,0.600000,0.980000,0.774597
