Methods,Pattern Name,Imbalanced Ratio,Time Window,Abnormality Value,ARLIDX,USP,TASRID,TAR,loss,specificity,sensitivity,accuracy,geometric_mean
mixed_CS=T,downtrend,0.950000,50,0.830000,5.543333,0.000000,0.962452,0.962452,0.000000,1.000000,1.000000,1.000000,1.000000
Unlu_CS=T,downtrend,0.950000,50,0.830000,36.463333,0.000000,0.706915,0.706915,0.321285,1.000000,0.400000,0.970000,0.632456
