Methods,Pattern Name,Imbalanced Ratio,Time Window,Abnormality Value,ARLIDX,USP,TASRID,TAR,loss,specificity,sensitivity,accuracy,geometric_mean
mixed_CS=T,downtrend,0.950000,30,0.305000,6.093333,0.000000,0.816226,0.954793,0.029007,0.978947,0.940000,0.977000,0.959276
Unlu_CS=T,downtrend,0.950000,30,0.305000,15.296667,0.000000,0.881846,0.881846,0.296647,1.000000,0.620000,0.981000,0.787401
